i,"kg. saya, aku, gua. I am sick Saya sakit. It's I Saya."
i'd,1 [ I had] saya telah. 2 [ I would] saya akan.
i'll,[1 I shall 2 I will]  saya akan.
i'm,[I am] saya adalah.
i've,[I have] lih  HAVE.
"i,i",kb. huruf yang kesembilan dari abjad Inggris.
i.,"[Island(s) ] pulau, kepulauan."
i.d.,"1[Intelligence  Division] Bagian Intelijen. 2 [identity] identitas. I.D. cord surat keterangan diri, kartu pengenal."
i.e.,"[id est] yaitu, yakni."
"i.o.u., iou",[I Owe You] kb. tanda terima hutang/pinjaman.
i.r.,[Internal Revenue] Kantor Pajak.
i.r.s.,[Internal Revenue Service] Dinas Perpajakan.
ia,[iowa] sebuah negarabagian di A.S.
iambic,ks. (beriramakan) yambe atau deretan pertentangan bunyi lemah dan keras.
ibid.,"[ibidem] dalam buku itu juga, dalam bab, bagian dll, yang tersebut."
ibidem,"kk. lihat dalam buku, tempat, bab, fasal itu juga."
ibm,[Intercontinental Ballistic Missile] peluru kendali antar benua.
icbm,[Intercontinental Ballistic Misile] peluru kendali antara benua.
"icc, i.c.c.",[Interstate Commerce Commossion] Panitia Perdagangan Antar Negara.
ice,ice
iceberg,kb. gunung atau gumpalan es yang terapung.
icebound,"ks. terkepung oleh es, terdampar ditengah-tengah es."
icebox,kb. peti/lemari es.
icebreaker,kb. kapal pemecah es.
icecap,kb. 1 es. 2 kantong es.
icelandic,ks. yang bertautan dengan Islandia. I. language bahasa Islandia.
iceman,kb. (j. -men) tukang es.
ichthyology,kb. ilmu pengetahuan tentang ikan.
icicle,kb. untaian tetesan air yang membeku.
iciness,kb. hal seperti es.
icky,"ks. Sl.: sentimentil, menjijikkan."
icon,kb. patung/gambar orang suci.
iconoclast,kb. 1 orang yang menentang. pemujaan patung berhala. 2 orang yang menentang pemujaan lembaga-lembaga yang telah ada.
iconography,"kb. ikonografi, ilmu arca."
icy,"ks. 1 licin karena es. The streets are i. today Jalan-jalan licin karena es hari ini. 2 dingin, tidak ramah (look)."
id(a).,[Idaho] negarabagian A.S.
idea,"kb. 1 gagasan, idea, pikiran. 2 rencana, idea. 3 cita-cita. 4 maksud. 6 pemikiran.7 gambaran. 8 angan-angan."
ideal,"kb. idaman, teladan, cita-cita, ideal. -ks. 1 baik, bagus sekali. 2 ideal. -ideally kk. menurut yang dicita-citakan, dalam teori."
idealism,kb. idealisme.
idealist,kb. seorang idealis.
idealize,kkt. mengidealkan.
identical,"ks. sama, serupa. i. dresses pakaian yang sama. i. twins anak kembar satu telur."
identification,"kb. pengenalan. i. card tanda-sah-diri, kartu pengenal. i. tag 1 kartu pengenal. 2 pening anjing."
identified,lih  IDENTIFY.
identifies,lih  IDENTIFY.
identify,kkt. (identified) mengenal(i) memperkenalkan. -kki. to i. with a party memihak kepada suatu partai.
identity,"kb. (j. -ties) identitas, ciri-ciri, tanda-tanda (khas). i. card kartu pengenal, surat keterangan diri."
ideogram,#NAME?
ideograph,kb. tulisan/huruf gambar.
ideological,ks. ideologis. i. struggle perjuangan ideologi.
ideology,"kb. (j. -gies) ideologi, adicita."
idiocy,idiocy
idiolect,kb. gaya bahasa seseorang
idiom,kb. 1Ling.: langgam suara. 2 corak khas.
idiomatic,ks. yang berhubungan dengan ungkapan. i. usage penggunaan ungkapan.
idiosyncrasy,"kb. (j. -sies) keistimewaan,keanehan"
idiot,"kb. orang bodoh/tolol/dungu. He would be i. to go there Dia bodoh benar, kalau pergi kesana."
idiotic,"ks. dungu,bodoh, tolol. He does such i. things Dia berbuat hal-hal yang gila."
idle,"ks. bermalas-malas. 2 tidak jalan.3 (me)nganggur. to stand i. 1 berpangku-tangan, bertopang dagu (of a person). 2 menganggur. -kki. hidup, jalan."
idleness,kb. 1 kemalasan. 2 hal tak berbuat apa-apa.
idler,"kb. pemalas, orang yang suka  luntang-lantung."
idol,kb. berhala. matinee i. bintang pilem pujaan.
idolatrous,ks. musyrik.
idolatry,"kb. (j. -ries) pemujaan terhadap  berhala, kemusyrikan, pemberhalaan."
idolize,"kkt. memberhalakan, memuja. She idolizes her husband Ia memuja suaminya."
idyl(l),kb. syair/prosa yang menggambarkan keindahan alam.
idyllic,ks. idilis.
"ie, i.e.",[Indo-European] Indo-Eropah.
if,"kb. LET'S have no 'ifs' Jangan selalu mengatakan kalau-kalau. -ksam. 1 jika, kalau, jikalau.  2 apakah, kalau. if only kalau, sekiranya, semoga. as if seolah-olah, seakan-akan."
igloo,kb. rumah salju bangsa Eskimo.
igneous,igneous
ignite,"kkt. 1 menyalakan (s fire). 2 membakar (zeal, spirit). -kki. terbakar, kena api, menjadi panas dan menyala. The paper ignited Kertas itu menjadi panas dan menyala."
ignition,"kb. 1 pengapian, penyalaan, pembakaran. 2 kontak, starter. Turn on the i. Putarlah kunci kontak. Hidupkan mesin."
ignoble,"ks. hina, dina, tercela, rendah."
ignominious,"ks. tercela, jahat, memalukan."
ignoramus,kb. orang bodoh/bebal/tolol.
ignorance,"kb. 1 ketidaktahuan. to plead i. of the law memberi alasan karena tidak tahu akan undang-undang. 2 kebodohan, kedunguan."
ignorant,"ks. bodoh, dungu, bebal. to be i. of the possibilities tidak mengetahui kemungkinan-kemungkinan."
ignore,"kkt. 1 mengabaikan, tak mengindahkan, tidak mengambil perduli. to i. an order mengabaikan perindah. 2 menganggap (seseorang) tidak ada, mengesampingkan, menganggap sepi. She ignoresme Ia mengganggap saya tak ada."
iguana,kb. sejenis biawak.
ikon,#NAME?
ileum,kb. bagian usus yang paling bawah.
iliac,kb. lih  SACROILIAC.
ilium,kb. tulang pangkal paha.
ilk,"kb. jenis, macam. I don't like people of his i. Saya tidak menyukai orang semacam dia."
ill,"kb. penyakit. -ks. 1 sakit, tidak enak badan, kurang sehat. 2 buruk. -kk. to speak i. of s.o. menjelekkan seseorang. ill-advised ks, keliru.  ill-(as) sorted ks. tidak sebanding, tidak cocok."
ill.,"[illustration(s) ] gambar, ilustrasi."
illegal,"ks. yang merupakan pelanggaran. 2 gelap, tak sah. i entry masuk secara illegal (trade, arms). 3 liar (occupation)."
illegality,kb. (j. -ties) ketidaksahan.
illegible,ks. tidak terbaca.
illegitimacy,"kb. (j. -cies) sifat melanggar hukum / undang-undang, sifat tidak sah / sejati, kepalsuan, kelancungan."
illegitimate,ks. haram. i child anak haram/zina.
illicit,"ks. gelap, haram. i. trade in narcotics perdagangan gelap dalam narkotika."
illiteracy,kb. (j. -cies) kebutahurufan.
illiterate,illiterate
illness,"kb. sakitnya, keadaan sakit."
illogical,"ks. tidak logis, tidak masuk akal."
illuminate,"kkt. 1 menerangi, menyinari (a building). 2 menjelaskan (a subject). -illuminated ks.1 yang dihiasi. i. manuscript naskah bergambar. 2 diterangi, dihiasi dengan lampu-lampu. -illuminating ks. yang memperjelas, yang memberi."
illumination,kb. 1 penerangan. 2 (hiasan) cahaya.
illumine,kkt. menerangi. Electric lights i. homes Lampu-lampu listrik menerangi rumah -rumah.
illus.,"[illustration(s) ] ilustrasi, gambar."
illusion,"kb. khayal(an), maya, optical i. pandangan/penglihatan yang menyesatkan, pandangan khayalan."
illusive,"ks. pura-pura, dibuat-buat, yang menyesatkan."
illusory,ks. =  ILLUSIVE.
illustrate,"kkt. 1 menghiasi ( a book). 2 menjelaskan, memberikan penjelasan. -illustrated ks. yang disertai gambar-gambar, bergambar."
illustration,"kb. 1 ilustrasi, gambar. 2 penjelasan, uraian."
illustrative,ks. yang membantu menjelaskan.
illustrator,"kb,. juru gambar, pelukis."
illustrious,"ks. termasyhur, amat terkenal."
ilo,[International Labor Organization] Organisasi Buruh International.
image,"kb. gambar. 2 patung. 3 kesan, bayang-bayang. to project a favorable i. abroad menimbulkan kesan yang baik diluar negri. 4 tamsilan, pelukisan (in poetry)"
imagery,"kb. (j. -ries) tamsil, perumpamaan, perbandingan."
imaginable,ks. 1 yang dapat dipikirkan. to try every i. way mencoba dengan segala jalan yang dapat dipikirkan.  2 yang ada. to collect every stamp i. mengumpulkan setiap perangko yang ada.
imaginary,ks. khayal. 2 imajiner. i. number bilangan imajiner.
imagination,"kb. daya khayal, imajinasi. His i. gets the best of him Khayalannya menguasai dirinya."
imaginative,"ks. imaginatif, penuh daya khayal. i. literature bacaan khayalan."
imagine,"kkt. membayangkan, menghayalkan. to i. life without a car membayangkan cara hidup tanpa mobil. 2 kira. I i. he will come Kukira dia akan datang."
imbalance,kb. ketidakseimbangan.
imbecile,kb. orang pandir/sinting.
imbecilic,ks. dungu.
imbecility,"kb. (j. -ties) kb. kedunguan, kesintingan (otak)."
imbibe,kkt. meminum.
imbroglio,"kb. keruwetan, keadaan yang ruwet, huru-hara."
imbue,"kkt. mengilhami, mengaruniai. May he be imbued with special qualities ! Semoga dia dikaruniai sifat-sifat yang istimewa. !"
imf,[International Monetary Found] Dana Keuangan Internasional.
imitate,"kkt. meniru, menyama-nyama, mencontoh, menuruti."
imitation,"kb. 1 peniruan. I. is important in language learning Peniruan penting dalam mempelajari bahasa.  2 tiruan, imitasi. a good i. tiruan yang baik."
imitative,"ks. suka meniru, merupakan tiruan."
imitator,kb. peniru.
immaculate,"ks. amat bersih, tidak bernoda, rapi sekali. immaculately kk. rapi/apik sekali. i. dressed berpakaian rapi sekali."
immanent,ks. tetap ada.
immaterial,ks. tidak penting/peduli. It's i. to me whether you go or stay Saya tidak perduli apakah kau pergi atau tinggal.
immature,"ks.belum matang/dewasa, masih hijau. He's still i. Dia masih hijau. That project is i. Proyek itu belum lengkap."
immaturity,"kb. ketidakmatangan, ketidak dewasaan."
immeasurable,ks. yang  tak terbatas/terkira-kira /terhingga. -immeasurably  kk. yang tak terkira-kira.
immediacy,"kb. (j. -cies) kesiapan, kesegaraan."
immediate,"ks. 1 dengan segera. 2 dekat. -immediately kk. dengan segera, sekarang juga, dengan tidak melewatkan waktu, dengan serta merta. i. ofter segera sesudah."
immemorial,ks. sudah lama sekali. from time i. dari zaman dahulu.
immense,"ks. 1 besar sekali. This city has on i. population Bukan main banyaknya penduduk kota ini. 2 luas sekali. The problems here are i. Persoalan - persoalan disini luas sekali. -immensely kk. sangat, amat. to enjoy o.s. i. merasa bukan main senangnya."
immensity,"kb. (j. -ties) luasnya, keluasan"
immerse,"kkt. membenamkan, mencelupkan. He's immersed in his work Dia terbenam dalam pekerjaannya."
immersion,kb. pencelupan.
immigrant,"kb. imigran, pendatang."
immigrate,"kkt. datang, pindah dari. He immigrated from..... Dia pendatang dari...."
immigration,kb. imigrasi.
imminence,"kb. yang akan terjadi segera, kesegeraan"
imminent,"ks. dekat, sebentar lagi. i. deporture keberangkatan yang sudah dekat."
immobile,ks. tak bergerak/berobah-obah.
immobility,kb. keadaan/sifat tak bergerak.
immobilize,"kkt. melumpuhkan, menghentikan. Bad weather immobilized air traffic Keadaan udara yuang buruk melumpuhkan lalu lintas udara."
immoderate,"ks. 1 luar biasa, tidak wajar. i. eater tukang makan yang luar biasa. 2 melewati batas. i. speed kecepatan yang melampaui batas."
immodest,"ks. tidak sopan, tak tahu adat."
immodesty,kb. ketidaksopanan.
immolate,"kkt. mengorbankan, mengadakan upacara pengorbanan."
immolation,"kb. pengorbanan, persembahan korban."
immoral,"ks. tidak sopan, tunasusila, jahat, asusila. i. conduct tingkah laku (yang) asusila, tindakan/perlakuan tak bermoral."
immorality,"kb. (j. -ties) tunasusila. ketidaksopanan, pelanggaran susila."
immortal,ks. abadi. No man is i. Tak ada manusia yang akan hidup selama-lamanya.
immortality,"kb. keabadian, kehidupan yang kekal, kekekalan"
immortalize,kkt. mengabadikan.
immovable,"ks. yang tak dapat digerakkan, tak bergerak."
immune,"ks. kebal, imun i. to smallpox kebal terhadap cacar. 2 bebas. i. to criticsm bebas dari kecaman-kecaman."
immunity,"kb. (j. -ties) kekebalan, kebebasan. diplomatic i. kekebalan diplomatik. i. to a disease kekebalan terhadap suatu penyakit."
immunization,kb. pengebalan.
immunize,kkt. mengebalkan.
immutable,"ks. tetap, yang kekal/abadi."
imp,kb. 1 setan. 2 anak nakal.
imp.,1 [imperative] bentuk-perintah. 2 [imperfect] imperfek. 3 [import(er) ] importir.
impact,kb. 1 tubrukan. 2 pengaruh yang kuat.
impacted,ks. yang terjepit. i. wisdom tooth geraham bungsu yang terjepit.
impair,"kkt. 1 merusak (o's health). 2 menghalangi, mengganggu, mengurangi (o's vision)."
impairment,"kb. perusakan, pemburukan, pelemahan."
impale,"kkt. 1 menyulakan (on a spit, stake). 2 menembak (with spear). 3 memandang dengan tajam."
impalpable,ks. 1 tak terasa. 2 tak mudah dipahamkan.
impart,"kkt. memberi, menanamkan (knowledge, a certain air)."
impartiality,"kb. sifat tidak memihak, sikap/sifat jujur, sifat/sikap adil, kejujuran, keadilan, sifat/sikap netral."
impassable,ks. tidak dapat dilalui.
impasse,"kb. jalan buntu, kebuntuan."
impassioned,ks. yang bersemangat/ berapi-api. i. speech pidato yang bersemangat.
impassive,"ks. tenang, tanpa perasaan. his i. face mukanya yg tenang itu."
impatience,kb. ketidaksabaran.
impatient,ks. tdk sabar.
impeach,"kkt. menuduh, mendakwa.2 mencurigai.3 memanggil utk memberi pertanggungjawaban."
impeachment,"kb. pendakwaan, tuduhan.2 panggilan utk pertanggungjawaban."
impeccable,"ks. tdk tercela, tertib, tanpa cela.-impeccable kk. tanpa cela (dressed)."
impecunious,"ks. miskin, melarat."
impede,"kkt. menghalangi, merintangi, mengganggu (negotiation, travel)."
impediment,"kb. kesukaran, rintangan, halangan. He has a speech i. Dia sukar berbicara."
impel,"kkt. (impelled) 1 memaksa.2 mendorong.3 mendorong, mendesak."
impending,"ks. yg akan datang, yg mendatang."
impenetrable,ks. yg tidak dpt dimasuki/dilalui.
imperative,"kb. Gram. : bentuk perintah. ks. penting sekali, tdk boleh tdk."
imperceptible,ks. tdk kelihatan/ terasa.
imperfect,ks. tdk sempurna.2 Gram. : imperfek
imperfection,"kb. ketidaksempurnaan, cacat."
imperial,ks. dari atau berh. dgn kekaisaran atau kerajaan.
imperialism,kb. imperialisme.
imperialist,kb. imperialis.
imperialistic,ks. imperialistis.
imperil,kkt. membahayakan.
imperious,"ks sombong, angkuh, bersifat mutlak."
imperishable,"ks. kekal, abadi, tak terhancurkan."
impermanent,"ks. sementara, tidak tetap/permanen."
impermeable,"ks. tidak dapat ditembus, kedap, tertutup rapat-rapat."
impersonal,ks. tidak mengenai orang tertentu.
impersonate,"kkt. menirukan, berkedok sebagai. to i. a police officer berkedok sebagai seorang perwira polisi."
impersonation,"kb. peniruan, perbuatan meniru."
impersonator,kb. peniru.
impertinence,"kb. kekurangajaran, ketidaksopanan."
impertinent,"ks. 1 kurang ajar/sopan, tidak  sopan. 2 tak ada hubungannya, tidak mengenai pokok persoalannya, diluar pokok persoalan/ pembicaraan, menyimpang (dari pokok pembicaraan)."
imperturbable,"ks. tenang sekali, tidak dapat diganggau."
impervious,"ks. 1 tahan/kedap air, tidak dapat ditembus air. 2 tidak mempan, tahan. i. to critism tidak mempan kecaman."
impetigo,kb. penyakit kulit yang (gatal) menimbulkan bintul-bintul berisi nanah.
impetuous,"ks. tidak sabar, bergerak dengan kekuatan dan kecepatan yang besar."
impetus,"kb. daya pendorong, dorongan, keuletan."
impinge,"kki. 1 mengenai, bergeseran dengan. This impinge on his field Ini agak mengenai lapangannya. 2 menimpa, mengenai. The sun's rays impinged on our eyes Sinar matahari itu menimpa mata kami."
impious,ks. tidak beriman/bertuhan.
impish,"ks. nakal, tidak baik."
implacable,"ks. bersikap kepala batu, gurat batu."
implant,kb. penanaman. -kkt. menanamkan.
implement,"kb. alat, peralatan. -kkt. melaksanakan. to i. the new regulation melaksanakan peraturan baru itu."
implementation,"kb. pelaksanaan, implementasi."
implicate,"kkt. melibatkan, menyangkutkan. He was implicated in the crime Dia terlibat dalam (perkara) kejahatan itu."
implication,"kb. 1 maksud, pengertian. by i. sudah tersimpul didalamnya secara tersimpul. 2 implikasi, terlibatnya (in a plat)."
implicit,"ks. selengkapnya, yang harus dipatuhi. i. instructions intruksi- intruksi selengkapnya. -implicitly kk. secara mutlak."
implies,lih. IMPLY.
implore,kkt. 1 memohon dgn sangat kpd.2 memohonkan dgn sangat.-imploring ks. yg bersifat memohon.
imply,"kkt. (implied) menyatakan secara tdk langsung.-implied ks. termasuk, penuh.i. trust kepercayaan penuh."
impolite,"ks. tdk sopan, kasar."
impoliteness,kb. ketidaksopanan.
imponderable,kb. the imponderables j. faktor-faktor yg tdk dpt diperhitungkan.-ks.yg tak dpt diperhitungkan.
import,"kb.; im'powrt kkt./ kb. 1 impor. i. trade perdagangan impor.2 maksud, makna, arti.3 kepentingan.-imports j. barang-barang impor.-kkt. mengimpor, mendatangkan barang-barang dari luar negeri. imported goods barang-barang impor/ yg diimpor."
importance,"kb. pentingnya, kepentingan."
important,ks. penting. i. reason alasan penting. He looks i. Lagaknya/Tingkah lakunya spt orang yg berkuasa/ berkedudukan penting.
importation,kb. 1 pemasukan.2 barang impor.
importer,"kb. pengimpor, importir."
importune,kkt.1 meminta dgn sangat.2 mendesak.
impose,kkt.1 menjatuhkan.2 mengadakan (sanction).3 menentukan (condition).4 membebankan.5 memaksakan.-kki. mengganggu.-imposing ks. yg mengesankan/mengagumkan.
imposition,"kb.1 pembebanan 2 kerugian, pengenaan, gangguan."
impossibility,"kb. (j.-ties) ketidakmungkinan, kemustahilan."
impossible,"kb. the i. hal yg mustahil.-ks. tdk mungkin, mustahil"
impostor,"kb. penyemu, penipu yg lihay."
impotence,kb.1 ketidakmampuan.2 kelemahan syahwat. sifat impoten.
impotent,"ks.1 tdk bertenaga, tunadaya.2 (sexually) lemah syahwat, impoten."
impound,"kkt.1 mengurung, mengandangkan. (dogs, cars). 2 menyita."
impoverish,"kkt. memiskinkan, memelaratkan.impoverished miner pekerja tambang yg jatuh miskin."
impoverishment,kb. pemiskinan.
impracticability,"kb. ketidakpraktisan, ketidakmungkinan pelaksanaan."
impracticable,ks. tak dpt dilaksanakan.
impractical,"ks. tdk praktis/berguna, tdk dpt dijalankan"
imprecation,kb. kutuk.(an).
imprecise,ks. tdk tepat/teliti.
imprecision,"kb. ketidaksaksamaan, ketidaktepatan."
impregnable,"ks. dpt menahan serangan-serangan, tdk terkalahkan, tak dpt direbutkan."
impregnate,"kkt. mengisi, meresapi, menyuburkan to i. the mind with ideas memenuhi pikiran dgn gagasan-gagasan."
impresario,kb. impresario
impress,kb. kesan.-kkt.1 mengesankan bagi.2 mempengaruhi.3 mencamkan.4 menanamkan kesan pd.-kki. to i. (upon) mengingatkan.
impression,kb.1 kesan2 pengaruh.3 (oplah) cetakan (of a book)4 jejak (of a foot).
impressionable,"ks. mudah dipengaruhi, mudah menerima pengaruh."
impressionism,kb. impresionisme.
impressive,"ks. yg mengesankan, keren."
imprint,"kb.1 terbitan.2 kesan.3 jejak (kaki).-kki. menyetempel, mencap, menanamkan."
imprison,"kkt. memenjarakan, meringkukkan, menjebloskan kedlm penjara."
imprisonment,kb. hukuman penjara. life i. hukuman penjara seumur hidup.
improbability,"kb. (j.-ties) hal tdk masuk (di) akal, ketidakmungkinan."
improbable,"ks. tdk mungkin, mustahil, lengkara."
improdence,"kb. kurang hati-hati, kelalaian, kekurangakalan."
impromtu,"kk. mendadak, tanpa persiapan. i. speech pidato yg mendadak."
improper,"ks.1 tdk patut.2 tdk benar, salah.-improperly kk. tak layak/pantas,tak tepat."
impropriety,"kb. (j. -ties) ketidakpantasan, ketidaklayakan."
improve,"kkt. memperbaiki.-kki. bertambah baik,mulai sembuh. improved ks.meningkat hasilnya, dimanfaatkan."
improvement,"kb. perbaikan, kemajuan."
improvident,"ks1. boros, membuang-buang.2 tdk berhati-hati dgn hari depan."
improvisation,kb. improvisasi.
improvise,kkt.1 membuat dgn seada-adanya.2 mengarang lagu menurut komposisinya sendiri.
imprudent,"ks. tdk berhati-hati, lalai, kurang akal."
impudence,"kb. kelancangan, kekurangajaran, kekasaran."
impudent,"ks. lancang, kurang ajar."
impugn,"kkt. meragukan, menuduh."
impulse,kb. gerak hati.2 Radio : impuls.
impulsive,ks. bersifat menurutkan kata hati.-impulsively kk. dgn menurutkan kata hati.
impunity,kb. kebebesan dari hukuman. to ignore s.t. with i. mengabaikan s.s.t. tanpa mendapatkan hukuman.
impure,"ks. tdk murni, kotor, najis."
impurity,"kb. (j.-ties) kotoran, kenajisan."
impute,"kkt. menyalahkan, menghubungkan, mempertalikan."
in,kb. Inf. : kedudukan pengaruh.-ins. j. yg menang.-kd. 1 di.2 dalam3 pada.4 didalam.5 atas.6 diantara.7 menurut.8 untuk9 secara.10 menurut.11 waktu.12 lagi.-kk. to be in. 1 ada.2 berkuasa.3 masuk.inf. : to be for celaka. to be in on mengetahui.
in toto,"kk. sepenuhnya, secara keseluruhannya."
inacceptable,ks. tdk dpt diterima.
inaccessibility,kb. keadaan tdk terdekau/ termasuki/ tertaklukkan/ tertundukkan/ sukar utk memperolehnya.
inaccessible,ks.1 tdk dpt dimasuki/ dilalui.2 tdk dpt dicapai.
inaccuracy,"kb. (j.-cies) ketidaksamaan, ketidaktelitian."
inaccurate,ks. tdk saksama/ teliti.
inaction,"kb. ketidakgiatan, kelambanan."
inactivate,kkt. menonaktipkan. because of the accident he became inactivated Karena kecelakaan itu dia menjadi non-aktip.
inactive,"ks. lamban, non-aktip. on i. duty tidak bertugas, non-aktip."
inactivity,kb. 1 ketidakaktipan. 2 kemalasan.
inadaptability,kb. ketidaksanggupan dalam menyesuaikan diri (to dengan).
inadequacy,"kb. (j. -cies) 1 ketidak cukupan, kekurangan. 2 ketidakcakapan."
inadequate,ks. 1 tidakcukup. i. knowledge pengetahuan yang tidak cukup. 2 tidak mencukupi. i. funds uang yang tidak mencukupi.
inadmissible,ks. tidak dapat diterima. That evidence is i. Bukti itu tidak dapat diterima.
inadvertent,ks. tidak/kurang hati-hati. -inadvertently kk. dengan kurang hati-hati.
inadvisable,ks. tidak bijaksana.
inalculable,ks. tidak terhitung.
inalienable,ks. tidak dapat dicabut. i. right hak yang tak dapat dicabut.
inane,"ks. bodoh, tolol, kosong, tidak berarti."
inanimate,"ks. mati. i. object benda/barang mati, benda yang tak bernyawa."
inapplicable,"ks. tidak dapat diterapkan, tidak berguna."
inappreciative,ks. tidak menghargai.
inappropriate,ks. tidak tepat/pantas.
inapt,inapt
inaptitude,"kb. ketidakcakapan, ketidakmampuan, ketidakprigelan."
inarticulate,"ks. tidak jelas, sukar berbicara."
inartistic,"ks. tidak tahu seni, tidak artistik."
inasmuch,"kk. i. as sebab, karena, lantaran."
inattention,kb. kurang perhatian (to terhadap).
inattentive,ks. kurang  memperhatikan.
inaudible,ks. tidak terdengar/kedengaran.
inaugural,kb. upacara inaugurasi/pengukuhan. i. speech pidato pengukuhan/pelantikan.
inaugurate,kkt. 1 melantik. 2 membuka.
inauguration,"kb. 1 pelantikan, inaugurasi. 2 pembukaan (of train service)."
inauspicious,"ks. sial, tidak menguntungkan."
inboard,"ks., kk. didalam (kapal). i. motor mesin didalam kapal."
inborn,ks. pembawaan sejak lahir.
inbreed,"kkt. (inbred) memperkawinkan yang sejenis atau sebangsa. -inbred ks. 1 pembawaan. 2 dikawinkan dengan yang sejenis.  -inbreeding kb. perkawinan antara keluarga-keluarga yang dekat sekali, kawin sedarah."
"inc., inc.","[incorporated] perseroan terbatas, P.T."
incandescent,ks. pijar. i. bulb bola lampu pijar. i. light cahaya lampu pijar.
incantation,"kb. mantera, jampi."
incapable,ks. tidak cakap/mampu/sanggup. i. of emotion dapat menahan emosi-emosi.
incapacitate,kkt. menjadikan tidak mampu.
incarcerate,"kkt. memenjarakan, meringkukkan, mengurung."
incarceration,"kb. pengurungan, penahanan."
incarnate,"ks. penjelmaan, perwujudan. the devil i. penjelmaan setan. -kkt. menjelmakan, mewujudkan, menitis."
incarnation,"kb. penjelmaan, perwujudan, inkarnasi, penitisan."
incautious,ks. tidak berhati-hati.
incendarism,kb. pembakaran rumah/gedung.
incendiary,kb. (j. -ries) pembakar rumah. i bomb bom pembakar.
incense,"kb. kemenyan, dupa. i. burner pedupaan. -kkt. menjadikan marah. He was incensed by the remark Dia sangat marah oleh karena ucapan itu. Dia naik darah karena teguran itu."
incentive,"kb. pendorong, dorongan, perangsang."
inception,"kb. permulaan, lahirnya."
incessant,"ks. tak putus-putus, tak berhenti-henti. -incessantly kk. tak putus-putusnya."
incest,kb. perbuatan sumbang/berzinah / berkendak dengan saudaranya.
incestuous,"ks. sumbang. i. relationship pergaulan melanggar adat, pergaulan zinah/ kendak dengan saudaranya."
inch,"kb. one i. long panjangnya satu inci. i. by i.  setapak demi setapak. whitin an i. of nyaris, hampir.  to know every i. of the area betul-betul mengenal daerah itu. kkt. melangkah setapak demi setapak."
inchoate,"ks. dalam taraf permulaan, belum lengkap."
incidence,"kb. 1 timbulnya. i. of disease timbulnya penyakit. 2 luasnya kejadian atau pengaruh, luasnya akibat."
incident,"kb. peristiwa, kejadian. -ks. the dangers i. space exploration bahaya-bahaya yang menyertai penyelidikan ruang angkasa."
incidental,"kb. incidentals j. pengeluaran-pengeluaran kecil, ongkos-ongkos tambahan. -ks. 1 kebetulan. 2 kurang penting, soal kecil. 3 sekali-sekali. i. expenses ongkos-ongkos tambahan. -incidentally kk. sambil lalu."
incinerate,kkt. membakar.
incinerator,kb. tempat pembakaran (sampah).
incipient,"ks. yang baru mulai, baru jadi. i. cold pilek yang baru jadi."
incision,"kb. torehan, irisan, bedelan."
incisive,ks. tajam. i. style gaya yang tajam.
incisor,kb. gigi seri/manis/pengiris.
incite,kkt. 1 menghasut.  to i. s.o. to attack menghasut seseorang untuk menyerang. 2 mendorong.
incitement,"kb. hasutan, dorongan, perangsang."
incl.,"[including, inclusive] termasuk."
inclement,ks. buruk (of weather).
inclination,"kb. 1 kecenderungan. 2 kecondongan, kehendak hati. 3 kesudian. 4 Math.: inklinasi."
incline,"kb. (pen) dakian, lerengan, tempat yang mendaki. -kkt. mencondongkan. -kki. melereng. -inclined ks. cenderung."
inclose,#NAME?
include,kkt. memasukkan. Please i. all the items Tolong masukkan semua barang-barang itu.
inclusion,inclusion
inclusive,ks. 1 sampai dengan. From March to June i. dari bulan Maret sampai dengan bulan Juni. 2 termasuk. i. of tax termasuk pajak.
incognito,"ks., kk. secara menyamar, dedemitan."
incoherence,"kb. pembicaraan yang ngawur, ketidaklogisan."
incoherent,ks. 1 yang membingungkan. i. statement ucapan yang membingungkan. 2 kacau. -incoherently kk. tak keruan. to talk i. berbicara tak keruan.
incombustible,"ks. tahan api, tidak terbakar."
income,"kb. penghasilan, pendapatan. i. tax pajak penghasilan. i. tax form surat pajak. to live on o's i. hidup dengan penghasilannya."
incoming,ks. 1 yang baru masuk. the i. students mahasiswa-mahasiswa yang baru masuk itu. 2 yang sedang naik. the i. tide (air-) pasang yang sedang naik.
incommensurable,ks. tidak dapat dibandingkan.
incommensurate,"ks. tidak seimbang, tidak selaras (to/ with dengan)."
incommunicado,ks. terputus/putus hubungan dengan orang-orang lain. to hold s.o. i. melarang seseorang mengadakan hubungan dengan  orang-orang lain.
incomparable,"ks. yang tak ada bandingannya, tiada bertara, yang tak duanya."
incompatibility,"kb. (j.-ties) ketidakcocokan, ketidaksesuaian."
incompatible,"ks. 1 tidak rukun (of a married couple). 2 bertentangan, tidak dapat didamaikan, tidak cocok dengan, tak dapat bersamaan dengan."
incompetence,"kb. ketidakcakapan, ketidakmampuan."
incompetent,"kb. orang yang kurang cakap. -ks. tidak cakap, tidak mampu. He is i. to make a will  Ia tidak berhak untuk membuat/mengeluarkan surat wasiat."
incomplete,"ks. tidak lengkap, tidak rampung / selesai."
incompleteness,incompleteness
incomprehensible,"ks. tidak dapat dimengerti, tidak terpahami. He dialect  is i. Logatnya tidak dapat dimengerti."
inconceivable,ks. tidak dapat dibayangkan/ digambarkan/dipahami.
inconclusive,ks. tidak meyakinkan. The proof was i. Buktinya tidak meyakinkan.
incongruity,"kb. (j. -ties) keganjilan, ketidakpantasan."
incongruous,ks. tidak layak/pantas.
inconsequential,"ks. tak bertalian, ngawur."
inconsiderable,"ks. sedikit, tidak berarti. His contribution is not i. Sumbangannya berarti juga."
inconsiderate,ks. tidak memperhatikan. to be i. towards  s.o. kurang menaruh perhatian terhadap seseorang.
inconsistency,kb. (j. -ties) ketidakkonsekwenan. i. of thought pendirian yang tidak tetap/mantap.
inconsistent,ks. tidak konsekwen/tetap.
inconspicous,"ks. tidak menarik perhatian, tidak dikenal orang. She tries to be i. Dia berusaha jangan sampai diperhatikan orang."
incontestable,"ks. tidak perlu dipersoalkan, tidak diragukan."
incontinence,"kb. tarak, pertarakan."
incontrovertible,"ks. yang tidak dapat dibantah (evidence, proff)."
inconvenience,"kb. penggangguan, kesusahan, ketidakenakan. She was spared any i. Dia dijauhkan dari segala gangguan. -kkt. menyusahkan, menganggu."
inconvient,"ks. tidak menyenangkan, susah, sukar. i. for s.o. menyusahkan bagi seseorang."
incorporate,"kkt. 1 memasukkan. 2 menggabungkan, menjadikan badan hukum. -incorporated ks. 1 tergabung, berbentuk badan hukum. 2 perseroan terbatas. i. firm perusahaan perseroan terbatas."
incorporation,"kb. 1 penggabungan (firm). 2 pengumpulan, penyatuan. i. of material in book penyatuan bahan-bahan didalam buku"
incorrect,"ks. tidak benar/tepat, salah. Events have proved him i. Kejadian-kejadian telah membuktikan bahwa ia salah. -incorrectly kk. salah."
incorrigible,ks. tidak dapat diperbaiki.
incorruptible,ks. tidak dapat disuapi.
increase,"kb. 1 pertambahan. 2kenaikan. -kkt. 1 memperluas. 3 menaikkan. 4 mempertinggi, meningkatkan.  -kki. 1 bertambah. 2 meningkat. 3 naik. -increased ks. meningkat, naik. -increasing ks. yang bertambah /meningkat.-increasingly kk. makin bertambah."
incredible,ks. 1 luar biasa. i. memory ingatan yang luarbiasa. 2 tidak masuk akal. -incredibly kk. luar biasa. i. short flight penerbangan yang luar biasa singkat(nya).
incredulity,"kb. ketidakpercayaan, keraguan."
incredulous,"ks. yang meragukan, yang tidak masuk akal."
increment,kb. tambahan/kenaikan (gaji).
incriminate,"kkt. 1 melibatkan, memberatkan. to i. s.o. in a theft melibatkan seseorang dalam pencurian. 2 menuduh. -incriminating ks. memberatkan. i. documents dokumen-dokumen yang (dapat) membuktikan kejahatan/ kesalahan."
incrust,kkt. 1 menutup. THe ground was incrusted with ice and snow Tanah itu tertutup dengan es dan salju. 2 melapisi.
incrustation,kb. 1 lapisan kotoran. 2 karang pelapis.
incubate,"kkt. menetaskan, mengeram. -kki. menetas."
incubation,"kb. penetasan, pengeraman, incubasi. i. period masa incubasi."
incubator,kb. mesin pengeram/penetas.
inculcate,kkt. menanamkan. to i. love for the fatherland menanamkan cinta kepada tanah air.
incumbency,"kb. (j. -cies) jabatan, wewenang, hak dan kewajiban."
incumbent,"kb. yang sedang memegang jabatan, pemegang jabatan. ks. 1 berkewajiban. 2 yang memegang suatu jabatan."
incur,kkt. (incurred) 1 mendatangkan. 2 mengadakan. to i. expenses mengadakan pengeluaran.
incurable,"ks. tidak dapat disembuhkan, tak tersembuhkan. i. liar pembohong yang tak ada kapoknya. -incurably kk. tidak dapat disembuhkan. He is i. ill Dia menderita penyakit yang tak dapat disembuhkan."
incursion,"kb. serangan, serbuan."
ind.,[indicative] 1 Gram.: waktu sekarang. 2 yang menunjukkan.
indc.,[indicative] waktu sekarang.
indebted,ks. Fin.: berhutang (to pada). 2 berhutang budi (to pada).
indebtedness,kb. hutang.
indecency,kb. (j. _cies) ketidaksenonohan.
indecent,ks. tidak senonoh. i. behavior perbuatan yang tidak senonoh.
indecipherable,ks. tidak terbaca.
indecisive,"ks. bimbang, ragu-ragu, tidak tegas, tidak pasti. The outcome of the battle was i. Hasil pertempuran itu belum dapat dipastikan."
indeclinable,ks. Gram.: yang tak dapat berubah bentuknya.
indecorous,"ks. tidak pantas, tidak layak menurut kesopanan."
indeed,kk. 1 sungguh-sungguh. 2 tentu saja. 3 memang. -kseru. sungguh !
indefatigable,ks. tidak kenal lelah.
indefensible,ks. tak dapat dipertahankan.
indefinable,ks. tak dapat dilukiskan/ditentukan.
indefinite,ks. tidak tentu. Gram.: i. article kata penyerta/sandang tak tentu. -indefinitely kk. untuk jangka waktu tidak terbatas.
indelible,"ks. tak terhapuskan, tidak dapat dihilangkan. i. pencil pinsil tinta."
indelicate,indelicate
indemnify,kkt. (indemnified) mengganti kerugian kepada.
indemnity,kb. (j. -ties) ganti kerugian.
indent,kb. lekuk. -kkt. 1 memasukkan. I. five spaces  Masukkan lima spasi. 2 melekukkan. -indented ks. bertakuk.
indentation,kb. lekuk(an).
independence,"kb. kemerdekaan, kebebasan. I. Day Hari Kemerdekaan (di A.S. tanggal 4 Juli; di Indonesia tgl 17 Agustus)."
independent,"kb. orang yang tidak berpartai. -ks. 1 merdeka. 2 sendiri. 3 yang berdiri sendiri, yang berjiwa bebas. 4 bebas. -independently kk. secara bebas."
indescribable,ks. tidak terlukiskan. -indescribably kk. i. beautiful tidak terlukiskan keindahannya.
indestructible,ks. tidak dapat dihancurkan/dirusakkan.
indeterminable,"ks. yang tak terhitung, yang tak dapat ditetapkan."
indeterminate,ks. yang tidak menentukan. i. sentence hukuman yang tidak menentukan.
index,"kb. (indexes atau indices) 1 indeks, daftar kata-kata. 2 penunjuk. -kkt. menyusun daftar isi. i. card kartu indeks. i. finger (jari)telunjuk."
india,kb. India. I ink dawat/tinta cina. i. rubber karet (penghapus).
indian,kb. 1 Indian (Amerika). 2 orang India. -ks. yang berhubungan dengan India. I.  file beriring-iringan seorang-seorang. I. giver orang yang meminta kembali sesuatu yang telah diberikan kepada orang lain.
indible,"ks. tidak dapat dimakan, tidak termakan."
indic,ks. dari atau yang berhubungan dengan India.
indicasion,"kb. keragu-raguan, kebimbangan, ketidaktegasan."
indicate,kkt. 1 menunjukkan. 2 menyatakan. 3 mengusulkan.
indication,kb. 1 tanda. 2 petunjuk. He gave no i. of his plans Ia tak (pernah) menyebut-nyebut tentang rencananya.
indicative,"kb. Gram.: waktu sekarang, indikatip. -ks. to be i. of menunjukkan."
indicator,kb. 1 penunjuk. 2 meteran. oil i. meteran oli.
indices,"kb., j. lih  INDEX."
indict,"kkt. mengajukan dakwaan, mendakwa, menuduh, menuntut."
indictment,"kb. dakwaan, tuduhan. to hand down an i. of arson mengadakan tuduhan bahwa kebakaran itu dilakukan dengan sengaja."
indies,"kb., j. Hindia. The East I. Hindia Belanda. The West I. Hindia Barat."
indifference,"kb. 1 pengabaian, kelalaian (to terhadap). 2 ketidakacuhan. It's a matter of complete i. to me whether... Itu semata-mata bukan soal yang penting bagi saya apakah..."
indifferent,"ks. 1 tidak tertarik, acuh-tak- acuh. He was i. to the idea Dia tidak tertarik kepada gagasan itu. 2 biasa saja. I'm an i. golfer Saya adalah pemain golf yang biasa saja."
indigeneous,"ks. asli, pribumi. The tiger is i. to Asia Harimau berasal dari Asia."
indigent,"kb. the i. fakir miskin. -ks. fakir, miskin."
indigestible,ks. tidak dapat dicernakan.
indigestion,"kb. salah cerna, ketidaksanggupan mencerna."
indignant,"ks. marah, naik darah. I was i. over what he said Saya marah tentang apa yang dikatakannya itu."
indignation,"kb. kemarahan, kenaikan darah, kejengkelan, kedongkolan."
indignity,kb. (j. -ties) penghinaan.
indigo,kb. nila.
indirect,ks. tak langsung. -indirectly kk. dengan tidak langsung.
indiscernible,"ks. tak dapat dibedakan, tak dapat dilihat/dikenal dengan jelas."
indiscreet,ks. tidak bijaksana/berhati-hati.
indiscretion,kb. 1 ketidakbijaksanaan. 2 perbuatan yang tidak bijaksana. youthful i. kesembronoan muda-mudi.
indiscriminate,"ks. sembarangan, tidak memilih-milih, tidak pandang bulu. -indiscriminately kk. tidak pandang bulu."
indispensable,ks. sangat diperlukan. i. to the business sangat diperlukan oleh/dalam perusahaan itu.
indisposed,ks. 1 (ill) sakit. 2 tidak mau/suka.
indisposition,"kb. 1 (illness) sakit, kurang enak badan. 2 keengganan."
indisputable,ks. tak dapat disanggkal/dibantah lagi.
indissoluble,ks. tidak dapat dipecahkan/dibatalkan.
indistinct,"ks. tak terang/jelas, kabur."
indistinguishable,"ks. tak dapat dibedakan, tak terbedakan."
individualist,kb. individualis.
individualistic,ks. individualistis.
individuality,kb. (j. -ties) kepribadian.
indiviidual,"kb. individu, orang (seorang), perseorangan, oknum. -ks. 1 perseorangan.  2 tersendiri. 3 individuil. -individually kk. secara perseorangan/pribadi, seorang-seorang."
indivisible,ks. tak dapat dibagi.
indo-aryan,ks. berhubungn dengan Aria dari India atau dengan bahasa-bahasa India-Iran.
indo-european,kb. bahasa Indo-Eropa. -ks. Indo-Eropa. the I. family of language rumpun bahasa-bahasa Indo-Eropa.
indocement,"kb. 1 bujukan, dorongan. 2 perangsang. 3 pancingan."
indochina,kb. Indo-cina.
indochinese,kb. orang Indo-Cina. -ks. yang berhubungan dengan Indo-Cina.
indoctrinate,"kkt.  mengindoktrinasikan, mengindoktrinir."
indoctrination,kb. 1 indoktrinasi. 2 pengindoktrinasian.
indolence,"kb. kelembaman, kelambanan, kekelesaan, ketidakcekatan."
indolent,"ks. lamban, malas, kelesa, lembam."
indomitable,"ks. gigih, yang sukar dikekang."
indonesia,kb. Indonesia.
indonesian,kb. 1 orang Indonesia. 2 bahasa Indonesia. -ks. Indonesia.
indoor,ks. 1 didalam rumah atau gedung. 2 dalam.  -indoors kk. didalam (rumah atau gedung).
indorse,#NAME?
indubitable,"ks. sudah tentu, pasti. -indubitably kk. sudah tentu, pasti."
induce,induce
induct,"kkt. melantik, memasukkan. He was inducted into the army Dia dilantik masuk tentara."
inductee,kb. orang yang ditunjuk/dilantik.
induction,kb. 1 pelantikan. his i. into the club pelantikannya memasuki perkumpulan itu. 2 induksi. 3 prabawa.
inductive,ks. secara inductip. i. reasoning jalan pemikiran secara induktip.
indulge,"kkt. menurutkan.  to i. s.o's wish menurutkan kehendak seseorang. -kki. memperturutkan hati, menurut suka hati(nya)."
indulgence,kb. 1 kegemaran. 2 pengikutsertaan.
indulgent,ks. 1 sangat sabar/ramah. 2 terlalu baik/pemurah. i. mother ibu yang terlalu baik.
industrial,ks. yang berhubungan dengan industri. i. city kota industri. i. project proyek perindustrian.
industrialist,"kb. industrialis, usahawan industri, industriawan."
industrialize,"kkt. mengindustrialisasikan, mengadakan industrialisasi."
industrilzation,kb. industrialisasi.
industrious,"ks. rajin, getol, tekun."
industriousness,"kb. kerajinan, ketekunan."
industry,kb. (j. -ries) 1 industri. stel i. industri baja. 2 kerajinan. His i. is remarkable Kerajinannya hebat.
inebriate,kb. pemabuk. -kkt. memabukkan. Every weekend he is inebriated Tiap akhir pekan dia mabuk.
ineducable,ks. tidak dapat dididik.
ineffable,ks. tak terlukiskan/terkatakan.
ineffective,ks. 1 tidak berguna (of work). 2 tidak cakap. an i. lecturer seorang guru yang tidak cakap.
ineffectual,ks. 1 tidalk berguna. 2 tidak memberi efek atau kesan.
inefficiency,kb. keadaan/sifat tak berguna/terpakai.
inefficient,ks. 1 tidak efisien/tepatguna/ berdayaguna. 2 tak cakap (of a person).
inelastic,"ks. kaku, tegang."
inelegance,kb. sifat tidak bersemarak.
inelegant,"ks. kasar, kaku, canggung."
ineligibility,kb. keadaan tidak boleh/dapat dipilih.
ineligible,"ks. tidak dapat dipilih. Due to his age, he was i. to run for office Karena usianya dia tidak dapat dicalonkan untuk jabatan itu."
inept,"ks. 1 tidak layak, tidak pada tempatnya. 2 janggal."
ineptitude,kb. 1 tindakan yang bodoh. tindakan yang tidak pantas.
ineptness,kb. kejanggalan/kecanggungan.
inequality,"kb. (j. -ties) ketidak(sama)rataan, ketidaksamaan."
inequitable,ks. tidak adil/patut.
inequity,kb. (j. -ties) ketidakadilan.
ineradicable,ks. tak dapat dihilangkan/dimusnahkan.
inert,"ks. 1 tak giat, lembam (of gas, matter). 2 malas, lamban, tak berdaya."
inertia,kb. kelembaman.
inescapable,"ks. tak dapat dielakkan, mutlak. i. conclusion kesimpulan yang tak dapat dielakkan."
inestimable,ks. tidak terhitung/ternilai. His contribution was of i. value  Sumbangannya tidak terhitung nilainya.
inevitability,kb. sifat tidak dapat dielakkan/ dihindarkan.
inevitable,"ks. tak dapat dielakkan/dihindarkan. -inevitably  kk. yang tak terelakkan, pasti jadi."
inexact,ks. tidak tepat/saksama.
inexcusable,ks. tidak dapat dimaafkan/diampuni/ dibenarkan. -inexcusably kk. dengan cara yang tidak dapat dimaafkan.
inexhaustible,ks. tidak habis-habisnya. Her energy is i. Dia tidak tahu/kenal lelah. Its natural recources are i. Sumber kekayaan alamnya tidak akan habis-habisnya.
inexorable,ks. tidak dapar ditawar-tawar.
inexpedient,ks. 1 tidak berguna. 2 tidak patut/layak. 3 tidak bijaksana.
inexpencive,"ks. murah, tidak mahal."
inexperience,kb. kurang pengalaman.
inexperienced,ks. kurang berpengalaman.
inexpert,ks. tidak cakap/ahli.
inexplicable,ks. tidak dapat dijelaskan/dipahami.
inexpressible,ks. tak terkatakan.
inextinguishable,ks. tak terpadamkan.
inextricable,ks. tak memungkinkan untuk keluar/melepaskan diri (dari).
inf.,"1 [information] penerangan. 2 [infantry] infanteri. 3 [infinitive] infinitif. 4 [infra] dibawah, dasar."
infallibility,kb. keadaan tak dapat berbuat kesalahan atau kekeliruan.
infallible,ks. 1 sempurna. No one is i. Tak ada orang yang sempurna. 2 mutlak. i. rule peraturan yang mutlak.
infamous,ks. bernama buruk/keji.
infamy,"kb. (j. -mies) kekejian, keburukan."
infancy,kb. (j. -cies) 1 masa kecil. 2 masa pertumbuhan. That industry is in its i. Industri itu masih dalam masa pertumbuhannya.
infant,"kb. bayi, orok. i. mortaly kematian bayi. i. firm  firma yang baru berdiri."
infanticide,kb. pembunuhan anak bayi.
infantile,"ks. bersifat kekanak-kanakan. i. paralysis polio, kelumpuhan kanak- kanak."
infantry,kb. (j. -ries) infanteri.
infantryman,kb. (j. -men) prajurit infanteri.
infatuate,"kkt. memberahikan, menggilakan. He was infatuated by her Dia tergila- gila kepadanya."
infatuation,kb. kegila-gilaan. He had an i. for that girl Dia tergila-gila kepada gadis itu.
infect,"kkt. 1 menulari, menjangkiti. 2 mempengaruhi."
infection,"kb. infeksi, peradangan, penularan."
infectious,ks. menular. i. disease penyakit yang menular. i. lough tertawa yang menular.
infelicitous,ks. tidak patut/layak/pantas. i. remark ucapan yang  tidak pantas.
infelicity,"kb. (j. -ties) ketidakpantasan, ketidakpatuhan, kejanggalan."
infer,"kkt. (inferred) menduga, berpendapat, mengam,bil kesimpulan."
inference,kb. kesimpulan. to draw an i. from menarik kesimpulan dari.
inferior,"kb. orang bawahan. -ks. 1 rendah mutunya. i product hasil/barang yang rendah mutunya. 2 kurang cerdas. (of mind, intellect)."
inferiority,kb. 1 keadaan/sifat yang rendah. the i. of his mind pikirannya yang rendah itu. 2 rendahnya mutu (of a product).
infernal,ks. ks. 1 dari atau berhubungan dengan neraka. the i.  region neraka. 2 Inf.: celaka. This i. light switch is out of order again Sakelar celaka ini rusak lagi. i. machine bom yang tersembunyi.
inferno,"kb. neraka, jahanam."
infest,"kkt. merundung, menduduki. The house was infested with... Rumah itu penuh dengan..."
infidel,kb. (orang) kafir.
infidelity,kb. (j. -ties) ketidaksetiaan.
infighter,kb. Inf.: pejuang di kalangan  sendiri.
infighting,kb. 1 perkelahian jarak dekat. 2 Inf.: perkelahian dalam kalangan tertentu.
infiltrate,"kkt. merembes, masuk ke, menginfiltrir. to i. enemy territory merembes daerah musuh."
infiltration,"kb. infiltrasi, perembesan, penyusupan."
infiltrator,kb. infiltran.
infinite,"kb. tidak terbatas/terhingga, maha- (luas, besar, kuasa dsb). -ks. yang tidak terbatas. -infinitely kk. sangat jauh lebih, secara tak terbatas/terhingga."
infinitesimal,ks. sangat kecil. i. calculus perhitungan diferensial dan integral.
infinitive,kb. infinitif.
infinity,kb. (j. -ties) jumlah tak berakhir. to count to i. menghitung sampai berapa saja/tak terbatas.
infirm,ks. lemah.
infirmary,"kb. (j. -ties) rumah sakit/pengobatan (di sekolah, instansi dsb)."
infirmity,kb. (j. -ties) kelemahan.
infix,kb. Gram.: sisipan.
inflame,kkt. menggelorakan/meradangkan jiwa (a mob). The wound is inflamed Luka itu menjadi radang.
inflammable,ks. 1 mudah terbakar. i. liquid cairan yang mudah terbakar. 2 mudah naik darah. i. temper watak yang mudah naik darah.
inflammation,"kb. radang, peradangan. i. the eye radang mata."
inflammatory,ks. 1 yang menghasut/berkobar- kobar. i. speech pidato yang menghasut. 2 yang menyebabkan radang (of throat).
inflate,"kkt. 1 memompa (tire, balloon). 2 membusungkan dada. 3 membubung (currency). -inflated ks. 1 yang membumbung/melambung 2 yang menggembung."
inflation,"kb. 1 pemompaan (tire, balloon).2 Econ, : inflasi."
inflationary,"ks. yang berhubungan dengan inflasi. i. tendency kecenderungan untuk inflasi. i. spiral lingkaran inflasi yang berpilin-pilin, lonjak(an) lambungan inflasi."
inflect,kkt. mengubah (o's voice). -kki. berinfleksi. That language inflects  for number and gender Bahasa itu berinfleksi untuk bilangan dan jenis. -inflected ks. berinfleksi. i. language bahasa yang berinfleksi.
inflection,kb. Gram.: infleksi. 2 perubahan/nada suara.
inflectional,ks. yang berinfleksi. 's' is an i. form indicating plural in English 's' adalah bentuk infleksi yang menunjukkan bentuk jamak dalam bahasa Inggris.
inflexibility,"kb. kekejutan, kekejuran, kekakuan."
inflexible,"ks. 1 kejur. i. rod sebuah tongkat/cambuk yang tak dapat dilekukkan. 2 keras, tidak dapat diubah. i. habits kebiasaan-kebiasaan yang tidak berubah-ubah."
inflexion,kb.  =  INFLECTION.
inflict,"kkt. 1 membebankan. 2 memberikan. 3 mengakibatkan, menimbulkan."
infliction,kb. penderitaan (of defeat. pain). 2 hukum (of a penalty).
inflow,kb. 1 perpindahan (of people). 2 pemasukan (of capital).
influence,kb. pengaruh. to have i. on mempunyai pengaruh atas. -kkt. mempengaruhi.
influential,ks. yang berpengaruh. an i. businessman seorang pedagang yang berpengaruh.
influenza,"kb. influensa, inpluensa."
influx,"kb. 1 pemasukan. 2 gelombang, arus. i. of tourists gelombang para wisatawan."
inform,kkt. 1 memberitahu(kan). 2 mengatakan kepada. -kki. melaporkan. -informed ks. yang diberitahu.
informal,"ks. 1 informil, secara ramah-tamah, tak resmi. i. speech a) percakapan biasa. b) pidato tak resmi. -informally kk. dengan tak resmi."
informality,"kb. (j. -ties) keinformilan, hal/jeadaan tidak resmi. i. of dress (ber)pakaian secara tidak resmi."
informant,"kb. informan, pelapor, juru tunjuk."
information,kb. 1 keterangan. to get i. on plane flights memperoleh keterangan tentang penerbangan-penerbangan. 2 penerangan.  i. agency kantor/jawatan penerangan. i. center pusat penerangan. i. desk bagian penerangan.
informative,ks. berisi keterangan. Our discussion was most i. Diskusi kita itu banyak sekali memberi penerangan.
informer,"kb. 1 pelapor. 2 pengadu, spion, tukang tunjuk (to police)."
infra,"kb. infra, dibawah, dasar."
infraction,kb. pelanggaran.
infrared,"kb., ks. merah infra, inti merah."
infrastructure,"kb. prasarana, rangka dasar."
infrequency,"kb. jarangnya, kejarangan. i. of occurrence jarangnya terjadi, kejarangan kejadian."
infrequent,ks. jarang(-jarang). to make i. trips jarang-jarang mengadakan perjalanan. It is no i. occurrence Tidak jarang terjadi.
infringe,"kkt. melanggar, menyalahi (a patent hak paten). -kki. to i. on melanggar. to i. on s.o's privacy melanggar urusan pribadinya."
infringement,kb. pelanggaran.
infuriate,kkt. memarahkan. He was infuriated at missing the plane Dia  marah sekali karena ketinggalan kapal terbang.
infuse,"kkt. 1 menanamkan, memasukkan. to i. o's beliefs in s.o. memasukkan pahamnya kepada seseorang. 2 memompa."
infusion,"kb. pemasukan, infusi. i. of new blood pemasukan darah biru."
ingenious,"ks. banyak akal, berbakat. i. inventor penemu yang banyak akalnya."
ingenue,"kb. wanita awam, wanita yang sederhana, wanita tanpa pretensi."
ingenuity,"kb. (j. -ties) kepintaran, kecerdikan, akal budi/bulus/kancil, kelihayan."
ingenuous,"ks. 1 berterus- terang, jujur. 2 sederhana."
inglorious,"ks. hina, memalukan. to come to an i. end berakhir secara hina."
ingot,kb. batang. steel i. batang baja.
ingrained,ks. 1 berurat-berakar. 2 mendarah daging. 3 melekat.
ingrate,kb. orang yang tak berterima kasih.
ingratiate,"kkt. menjilat, mengambil muka/hati. to i. o.s. with menjilat kepada. -ingratiating ks. manis, menyenangkan."
ingratitude,kb. rasa tidak berterima-kasih.
ingredient,"kb. 1 (food) bahan-bahan, ramuan. 2 unsur."
ingrown,"ks. tumbuh kedalam. i. toenail kuku kaki yang mencocok daging, kuku (men) cengkam."
inhabit,kkt. mendiami. -inhabited ks. yang didiami. i. cave gua yang didiami.
inhabitable,ks. dapat didiami/ditempati.
inhabitant,"kb, 1 penduduk. 2 wargakota (of a city)."
inhalation,"kb. 1 pernapasan. 2 penghirupan, penghisapan.smoke i. penghirupan asap."
inhalator,"kb. penghisap, alat pernapasan."
inhale,"kkt. menghirup, menarik napas. -kki. menghirup (asap), menarik napas."
inharmonious,ks. tidak selaras/seimbang/cocok.
inherent,"ks. yang melekat, yang menjadi sifatnya. his i. honesty kejujurannya yang menjadi sifatnya itu. -inherently kk. sudah menjadi sifat. He's inherently lazy Malas sudah menjadi sifatnya/pembawaannya."
inherit,kkt. mewarisi. to i. s.t. from s.o. mewarisi seseuatu dari seseorang.
inheritance,"kb. warisan, harta peninggalan/pusaka. i. tax pajak warisan."
inhibit,"kkt. 1 menghalangi, merintangi. 2 mencegah. -inhibited ks. malu-malu, segan-segan. -inhibiting ks. yang menghambat. i. factor faktor penghambat."
inhibition,"kb. rintangan, halangan pencegah, hambatan. She seems to have few inhibitions Kelihatannya dia sedikit mempunyai sifat-sifat menahan diri."
inhospitable,ks. tidak ramah.
inhuman,"ks. 1kejam, bengis. i. treatment perlakuan yang kejam. 2 melampaui sifat manusia/kemanusiaan. His endurance was i. Daya tahannya melampaui sifat manusia."
inhumane,"ks. tak berperikemanusiaan, tak berperasaan kasih sayang. to be i. in the treatment  of pets kejam dalam memperlakukan binatang-binatang kesayangan."
inhumanity,"kb. (j. -ties) kekejaman, keganasan, kebengisan."
inimical,ks. yang bermusuhan/bertentangan/berlawanan.
inimitable,"ks. tak dapat ditiru, tak ada bandingannya."
iniquity,kb. (j. -ties) 1 ketidakadilan. 2 perbuatan salah. 3 ketidaksusilaan.
initial,"kb. huruf awal, parap, paraf.  -ks. awal, pertama. -kkt. memaraf. -initially kk. pada permulaannya/ awalnya."
initiate,"kb. calon anggota. -kkt. 1 memulai, memprakarsai. 2 meresmikan, menginisiasikan (club, fraternity). 3 mengajukan."
initiation,"kb. 1 permulaan. i. of a new project permulaan dari proyek baru. 2 Acad.: masa tapabrata/pembayatan/prabakti, upacara mapra."
initiative,"kb. inisiatip, ikhtiar, prakarsa. on the i. of atas  inisiatip. to take the i. mengambil inisiatip, memprakarsai."
initiator,"kb. pengambil inisiatip, pemrakarsa. i. of the action yang memulai aksi itu."
inject,"kkt. 1 Med.: menyuntikkan, memasukkan. 2 memajukan, mengemukakan (a word)."
injection,"kb. 1 injeksi, obat suntikan. 2 suntukan. to give s.o. an i. memberikan suntikan kepada seseorang, menyuntik seseorang. to give o.s  an i. menyuntik diri sendiri."
injector,kb. penyuntik.
injuction,kb. 1 perintah. to give s.o. strict injunctions to... memberikan perintah keras kepada seseorang untuk... 2 Law : keputusan. The court  issued an i. against... Pengadilan mengeluarkan keputusan terhadap...
injudicious,"ks. tidak bijaksana, (dengan) sembrono/gegabah. -injudiciously kk. (secara) tidak bijaksana, sembrono."
injure,"kkt. 1 melukai. 2 merugikan (a business, o's interests). -injured kb. orang yang mendapat luka. ks. yang luka. the i. party orang yang dirugikan/dihina. i. pride kebanggaan yang dilukai."
injurious,"ks. yang merugikan, berbahaya. i. to health berbahaya untuk kesehatan."
injury,kb. (j. -ries) luka-luka . He sustained injuries of the face Ia menderita luka-luka pada muka(nya).
injustice,kb. 1 ketidakadilan. 2 hal yang tidak adil. to do s.o an i. berlaku sangat tidak adil terhadap seseorang.
ink,"kb. tinta, dawat. The letter was written in i. surat itu ditulis dengan tinta. -kkt. to i. in menulis dengan tinta. to i. out mencoreng dengan dawat."
inkblot,kb. noda tinta.
inkling,"kb. syak, prasangka. He had no i. of that Dia tidak menaruh syak akan hal itu. 2 firasat. to get an i. of s.t. mendapat firasat mengenai sesuatu."
inkpad,"kb. cap, bantal stempel."
inkslinger,kb. S.: penulis pengarang.
inkslinging,"kb. Sl.: menulis, mengarang."
inkstand,kb. (stelan) tempat tinta.
inkwell,kb. tempat/bak tinta.
inlaid,lih INLAY.
inland,kb. (daerah) pedalaman. -ks.1 di pedalaman. 2 dalam. 3 dalam negeri. -kk. to go i. pergi ke pedalaman. to live i. tinggal di pedalaman.
inlay,kb. tatahan. -kkt. (inlaid) menatah. -inlaid ks. bertatahkan. i. with mother of pearl bertatahkan batu mutiara/gewang.
inlet,kb. 1 teluk kecil. 2 ceruk.
inmate,"kb. 1 penghuni (of an asylum). 2 penduduk. 3 orang tahanan (di penjara), penjarawan, orang hukuman (of a prison)."
inmost,"ks. bagian paling dalam, batin. o's i. thoughts isi lubuk hatinya."
inn,"kb. 1 rumah penginapan, losmen. 2 restoran."
innards,"kb., j. Inf. : 1 isi perut, dalaman, jeroan. 2 benda yang didalam, bagian-bagian dalam (machine, mechanism)."
innate,ks. 1 yang berpembawaan halus. a person of i. refinement seorang yang berpembawaan halus. 2 pembawaan lahir. i. energy swadaya.
inner,"ks. 1 sebelah dalam. 2 inti, pusat. Inf.: i. man perut. Inf.: i. sanctum tempat suci, tempat yang bersifat pribadi. i. tube ban dalam."
innermost,ks. yang paling dalam. i. thoughts pikiran-pikiran yang paling dalam.
innersole,kb. sebelah dalam.
innerspring,"ks. per dalam. i. mattress kasur yang ada per didalamnya, kasur per."
inning,"kb. Sport : giliran, babak. 2 masa berkuasa."
innkeeper,kb. 1 pengurus rumah penginapan. 2 pengurus restoran.
innocence,"kb. 1 keadaan tidak bersalah. 2 kemurnian, keadaan tidak berdosa (of a small child)."
innocent,ks. 1 tidak bersalah. He is i. of the crime Dia tidak bersalah dalam kejahatan itu. 2 tidak berdosa (like a child). i. amusements hiburan-hiburan yang tidak merusak. -innocently kk. tanpa pikir panjang/lama.
innocuous,ks. tidak berbahaya/merusak.
innovate,"kki. mendapatkan paham-paham baru, membawakan pendapat-pendapat baru."
innovation,"kb. pembaharuan, perubahan (secara) baru."
innovator,"kb. penemu cara baru, pembaharu."
innuendo,"kb. sindiran, ucapan  tidak langsung."
innumerable,"ks. tidak terkira banyaknya, banyak skali. His difficulties are i. Tidak terkira banyaknya kesulitan-kesulitan yang dihadapinya."
inoculate,kkt. menyuntik. to i. against measles menyuntik untuk mencegah penyakit campak.
inoculation,kb. suntikan.
inoffensive,ks. 1 tidak mengganggu. 2 tidak menjijikkan.
inoperable,ks. Med. : tidak dapat dibedah.
inoperative,ks. Law  : tidak berlaku.
inopportune,"ks. tidak menguntungkan, sial. to arrive at an i. moment  tiba pada saat yang tidak menguntungkan."
inordinate,ks. banyak sekali. Dictionary making requires an i. amount of time Pekerjaan menyusun kamus memerlukan waktu yang bukan main banyaknya.
inorganic,ks. anorganik. i. themistry kimia anorganik.
input,kb. 1 tenaga yang dimasukkan. 2 pemakaian. i. of fertilizer pemakaian pupuk.
inquest,kb. pemeriksaan. coroner's i. pemeriksaan sebab musabab kematian oleh pemeriksa mayat.
inquire,"kkt. menanyakan, meminta keterangan. to i. the way menanyakan jalannya. -kki. 1 menyelidiki, menanyakan tentang. 2 bertanya. -inquiring ks. mengandung pertanyaan."
inquiry,kb. (j. -ries) penyelidikan. public i. penyelidikan keadaan rakyat. to make inquiries a) mengadakan penyelidikan. b) menanyakan keterangan.
inquisitive,"ks. ingin tahu, melit. He's of an i. nature Dia mempunyai sifat yang ingin tahu."
inroad,"kb. serangan, penjebolan. to make inroads upon his savings membuat serangan yang hebat terhadap uang tabungannya."
inrush,kb. arus/aliran masuk. i. of cold air arus masuk udara dingin.
insane,"ks. gila, sakit pikiran. to become i. menjadi gila. to have an i. desire for pickles sangat gila/keranjingan akan asinan.  i. asylum rumah sakit jiwa."
insanitary,ks. tidak sehat. i. conditions keadaan-keadaan yang tidak sehat.
insanity,kb. (j. -ties) penyakit gila/jiwa. to plead  i. mengaku gila.
insatiable,"ks. tidak kenyang-kenyangnya, tak pernah puas. i. desire for knowledge keinginan akan ilmu yang tak puas-puasnya."
inscribe,"kkt. 1 menuliskan. to i. o's name in a book menuliskan namanya dalam buku. 2 memahatkan (on a tombstone). 3 menggoreskan, mengesankan."
inscription,kb. 1 prasasti. 2 persembahan (in a book).
inscrutable,"ks. tak dapat dimengerti/diduga, gaib."
insect,kb. serangga. i. powder obat serangga. i. repellant obat pengusir/ pembasmi serangga.
insecticide,"kb. insektisda, obat (pembasmi) serangga."
insecure,"ks. 1  tidak kokoh, gelisah. He seems terribly  i. Dia kelihatannya sangat tidak mantap. 2tidak aman. i. area daerah yang tidak aman."
insecurity,"kb. (j. -ties) 1 ketidakamanan, kegelisahan. 2 ketidaktegasan, ketidak kokohan. feeling of i. perasaan tidak mantap/aman/kokoh."
inseminate,"kkt. 1 menghamilkan, menjantani, memacek, membuahi (of animals). 2 menanamkan, meresapi. to i. the mind with knowledge menanamkan pengetahuan kedalam jiwa."
insemination,"kb. kehamilan, pembuahan. artificial i. permainan buatan."
insensate,ks. tidak berperasaan. i. cruelty kekejaman yang luar biasa.
insensible,"ks. tidak sadar, pingsan. 2 tidak dapat merasakan."
insensitive,"ks. 1 tidak dapat merasakan. 2 tidak mengacuhkan, (ber)tebal-kulit. i. to criticism berkulit tebal terhadap kritik."
insensitivity,"kb. tebal-kulit, kekurangpekaan."
inseparable,"ks. tidak dapat dipisahkan (friends, prefix)."
insert,"kb. sisipan, selipan, selipan. -kkt.  1 memasukkan. 2 menyisipkan. 3 memasang."
insertion,"kb. 1 sisipan, selitan, selipan. 2 penempatan. i. of the spacecraft into lunar orbit penempatan kendaraan ruang angkasa kedalam orbit bulan."
inset,kb. 1 sisipan. 2 lampiran. i. map peta kecil yng dimuat di pinggir peta yang lebih besar.
inshore,ks. dekat ke pantai. i. fishing penangkapan ikan dekat- pantai. i. breeze angin laut. -kk. dekat pantai.
inside,"kb. bagian (sebelah) dalam. -Inf.: insides j. isi perut, jeroan. -ks. (di)dalam. -kk. kedalam. -kd. 1 didalam, dibagian (sebelah) dalam. 2 kedalam. i. information keterangan dari orang-orang dalam. i. track kedudukan yang menguntungkan."
insider,kb. orang-dalam. An i. has certain advantages Orang-dalam mempunyai keuntungan-keuntungan tertentu.
insidious,"ks. 1 yang busuk hati, berakal busuk (of a person). 2 tersembunyi dan membahayakan (of a disease)."
insight,"kb. wawasan, pengertian, pengetahuan (yang dalam)."
insignia,kb. lencana.
insignificance,"kb. keremehan, kesepelean, kekecilan."
insignificant,"ks. 1 remeh remeh, sepele. 2 tidak berarti. 3 yang tampangnya kecil.4 bersifat kintel/tempe. i. nation bangsa tempe."
insincere,"ks. bermuka dua, tidak jujur, serong hati."
insincerity,kb. (j. -ties) ketidaktulusan hati.
insinuate,kkt. menyindir secara tak langsung. to i. that... menyindir secara tak langsung bahwa...
insinuation,"kb. sindiran, insinuasi, tuduhan tak langsung."
insipid,"ks.1 hambar, tawar, cabar, boyak, ambar (to the taste). 2 tak bermutu, tanpa selera. i. remark ucapan yang tak bermutu."
insist,"kkt.meminta dengan tegas, menuntut. -kki. mendesak, bersikeras."
insistence,kb. desakan. at his father's i. atas desakan ayahnya. his i. upon his innocence pertahanannya bahwa ia tidak bersalah.
insistent,"ks. bertubi-tubi, terus-menerus. She was i. that I see the play Dia meminta dengan sangat supaya saya melihat sandiwara itu."
insofar,lih  FAR.
insolence,"kb. keangkaraan, sikap sombong, penghinaan, tingkah laku yang menghina, keangkuhan."
insolent,"ks. angkara, kurang ajar, besar mulut, biadab."
insoluble,ks. 1 tidak dapat dipecahkan (problem). 2 tidak dapat dicairkan/dilarutkan (in water).
insolvency,kb. (j. -cies) 1 keadaan bangkrut. 2 keadaan tak mampu membayar.
insolvent,"ks. 1 bangkrut, pailit. i. business perusahaan yang bangkrut. 2 tidak sanggup membayar."
insomnia,"kb. suhad, arik, tak bisa tidur."
inspect,"kkt. memeriksa (eye, a car, troops)."
inspection,"kb. pemeriksaan, inspeksi. to subject s.t. to i. menyuruh periksa sesuatu."
inspector,"kb. inspektur, pengawas, penilik. i. of schools inspektur sekolah-sekolah."
inspectorate,"kb. inspeksi, inspektorat."
inspeirational,ks. yang mendatangkan ilham.
inspiration,"kb. ilham, inspirasi. to have an i. mendapat ilham."
inspire,kkt. 1 mengilhami. 2 mengilhamkan. to i. s.o. with confidence membangkitkan rasa kepercayaan/ hormat pada seseorang. -inspired ks. bersemangat. inspiring speaker pembicara yang membangkitkan semangat.
inspirer,"kb. penjiwa, orang yang menjiwai."
inst.,"1[institute, institution] lembaga. 2 [instant] bulan ini."
instability,"kb. (j. -ties) ketidakstabilan, ketidakmantapan."
instal(l),"kkt. (installed) 1 memasang (TV, refrigerator). 2 melantik (a president). 3 menempatkan."
installation,"kb. 1 pemasangan, instalasi (of a telephone). 2 pelantikan, instalasi (of a governor)."
installer,"kb. instalatir, pemasang alat-alat."
installment,"kb. cicilan, angsuran. to pay in installments mencicil, mengangsur."
instance,"kb. 1 hal. 2 contoh. for i. misalnya, umpamanya."
instant,"kb. 1 saat, jenak. 2 bulan ini. 3 segera. -ks. seketika. i. coffee kopi tubruk. -instantly kk. dengan segera/serta-merta."
instantaneous,"ks. yang seketika itu juga, yang segera. to get an i. reaction mendapat reaksi seketika itu juga."
instead,kk. malahan. He got mad i. Malahan ia marah. 2 daripada. i. of complaining daripada mengeluh.
instep,kb. kura-kura kaki.
instigate,kkt. menghasut. to i. a movement for... menghasut suatu gerakan guna...
instigation,"kb. dorongan, anjuran. at the i. of atas dorongan."
instigator,kb. penghasut.
instil(l),kkt.  (instilled) 1 menanamkan. to i. an understanding of menanamkan pengertian tentang. 2 membangkitkan  berangsur-angsur. to i. a feeling of reverence membangkitkan berangsur-angsur perasaan hormat.
instinct,kb. naluri.
instinctive,"ks. menurut naluri, naluriah. -instinctively kk. dengan sendirinya, menurut naluri/gerak hati. to act i. bertindak menurut naluri atau gerak hati."
institute,"kb. institut, lembaga. -kkt. mengadakan (law, investigation).  a newly instituted post sebuah jabatan yang baru diadakan."
institution,kb. 1 (establishment) pendirian. 2 lembaga. 3  adat kebiasaan. 4 Inf.: orang yang banyak dikenal.
institutional,"ks. kelembagaan, yang berhubungan dengan lembaga. to have an i. affiliation mempunyai hubungan dengan lembaga."
institutionalize,"kkt. menjadi adat, melembagakan. Managamy is institutionalized in many societies Monogami merupakan adat dalam banyak masyarakat."
instr.,[instrumental] instrumental.
instruct,"kkt. 1 mengajar, melatih. She instructs  his child in tennis Dia mengajar anaknya bermain tenis. 2 memerintahkan. -kki. mengajar. He instructs in swimming Dia mengajar berenang."
instruction,kb. 1 pengajaran. 2 pelajaran. 3 perintah. i. book/manual buku pedoman/petunjuk.
instructional,ks. bersifat pelajaran. i. materials bahan-bahan pelajaran.
instructive,ks. yang mengandung pelajaran. i. game permainan yang mengandung pelajaran.
instructor,"kb. 1 guru. 2 pelatih (in swimming, etc). 3 lektor (at university)."
instructorship,kb. jabatan lektor.
instrument,"kb. 1 instrumen, alat perkakas. 2 Mus.: instrumen, alat musik/bunyi- bunyian. 3 alat-alat. 4 alat."
instrumental,ks. 1 instrumental. i. music getting me my job Dialah yang menolong mendapatkan pekerjaan saya.
instrumentalist,kb. pemain musik.
instrumentality,"kb. (j. -ties) alat pembantu, perantara."
instrumentation,"kb. 1 penggubahan musik untuk alat-alat musik. 2 pemakaian pesawat, peralatan."
insubordinate,"ks. tidak patuh, suka melawan, durhaka."
insubordination,"kb. pembangkangan terhadap perintah, kedurhakaan."
insufficiency,kb. ketidakcukupan.
insufficient,ks. tidak cukup.
insular,ks. 1 yang berhubungan dengan pulau. i. trade perdagangan pulau. 2  picik (of attitude).
insulate,kkt. 1 mengisolasi. 2 menyekat. to i. a room from autside noise menyekat kamar dari keributan diluar. insulating tape ban/pita isolasi.
insulation,kb. 1 isolasi. 2 penyekatan.
insulator,kb. 1( alat) penyekat. 2 bahan isolasi.
insulin,kb. insulin.
insult,"kb. penghinaan, cercaan, nista. to add i. to injury sudah menderita rugi. dihina lagi.-kkt. menghina. -insulting ks. yang menghina."
insuperable,ks. tidak dapat diatasi.
insurable,"ks. dapat diasuransikan, dapat memperoleh asuransi."
insurance,kb. 1 asuransi. life i. asuransi jiwa. 2 jaminan. It's good i. to prepare for any emergency Adalah jaminan yang baik untuk siap sedia terhadap tiap-tiap keadaan darurat.
insure,"kkt. 1 mengasuransikan. 2 memastikan. -insured kb., ks. yang diasuransikan.  the i. orang yang diasuransikan."
insurer,"kb. pengasuransi, penjamin asuransi."
insurgency,"kb. (j. -cies) pemberontakan, kekacauan."
insurgent,"kb. pemberontak, pengacau."
insurmountable,ks. tidak dapat diatasi.
insurrection,"kb. pemberontakan, huruhara."
insurrectionist,"kb. pemberontak, pengacau."
insusceptible,"ks. kebal, tidak mempan, tidak mudah terkena/terpengaruh."
int.,"1 [interior] bagian. 2 [interest] a) bunga uang. b) minat, perhatian. 3 [intransitive] intransitip."
intact,"ks. utuh, lengkap."
intake,"kb. 1 uang yang diterima (from a sale, admission). 2 pipa masuk. food i. jumlah bahan makanan (yang dimakan)."
intangible,"kb. intangibles j. hal-hal yang tidak dapat diraba. -ks. 1 tidak dapat diraba (air, light, sound). i. assets barang-barang berharga yang tak dapat diraba. 2 yang tidak dinyatakan secara jelas (charm)."
integer,kb. bilangan bulat/utuh.
integral,"ks. 1 integral. i. calculus hitungan integral. 2 bulat, utuh. i. number bilangan bulat/utuh. 3 yang perlu untuk melengkapi."
integrate,"kkt. 1 mengintegrasikan (schools). 2 menyatu-padukan. 3 menggabungkan, mempersatukan (two towns into one). -integrated ks. yang digabungkan."
integration,"kb. 1 (racial) integrasi, pengintegrasian. 2 penggabungan."
integrationist,"kb. penyokong faham integrasi, pemersatu."
integrrity,"kb. ketulusan hati, kejujuran, integritas. 2 keutuhan."
intellect,kb. intelek. 2 orang pandai.
intellectual,"kb. cendekiawan. -ks. intelektuil, cerdik pandai."
intelligence,"kb. 1 kecerdasan, inteligensi. i. quotient angka inteligensi. 2 intelijen. i. agent anggota intelijen."
intelligent,"ks. cerdas, pandai. i. life on Mars adanya makhluk yang berakal di Mars."
intelligentsia,kb. kaum terpelajar/cerdik- pandai.
intelligible,"ks. 1 dapat dimengerti, jelas terdengar. 2 terang (phone call)."
intemperance,kb. 1 berlebih-lebihan meminum minuman keras. 2 hal kehilangan menguasai diri.
intemperate,ks. 1 melewati batas (meminum minuman keras). 2 tanpa pengendalian diri. i. behavior kelakuan yang keterlaluan.
intend,"kkt. 1 bermaksud untuk. 2 memaksudkan, memperuntukkan. -intended kb. bakal suami atau istri. ks. 1 bakal. 2 yang diharapkan."
intense,"ks. 1 hebat. i. heat panas yang hebat. 2 kuat. an i. color warna  yang kuat. 3 yang bersemangat. -intensely kk. sangat , amat. She hates him i. Bukan main bencinya ia kepada laki-laki itu."
intensification,"kb. intensifikasi, penggiatan."
intensified,lih  INTENSIFY.
intensifier,"kb. Gram.: penguat, pengeras, penambah."
intensifies,lih  INTENSIFY.
intensify,"kkt. (intensified) mempersemangat, memperhebat, mengintensipkan, memperkuat, meningkatkan. to i. o's efforts memperhebat usahanya."
intensity,"kb. (j. -ties) kehebatan, intensitas."
intensive,ks. intensip. i. course kursus yang intensip.
intent,"kb. maksud. My i. was to be of assistance Maksud saya ialah untuk membantu. -ks. asyik. to be i. on bermaksud sungguh-sungguh untuk. -intently kk. dengan tekun, sungguh-sungguh."
intention,"kb. 1 bermaksud, pamrih. 2 tujuan. -Inf.: intentions j. His intentions are good Maksudnya baik."
intentional,ks. disengaja. The accident was i. Kecelakaan itu disengaja.
inter,"kkt. (interred) mengebumikan, menguburkan."
interact,"kki. bergaul, pengaruh-mempengaruhi (with dengan)."
interaction,"kb. interaksi, pengaruh timbal-balik, saling mempengaruhi."
interagency,"ks. antar-instansi, antar-jawatan."
intercede,kki. mengetengahkan. to i. on s.o's behalf mengetengahi atas nama seseorang.
intercept,"kkt. 1 menangkap (a massage).  2 mencegat (a person). 3 menahan, menangkap (a football). 4 memintas."
interceptor,kb. (plane) pencegat.
intercession,"kb. campur tangan, perantaraan."
interchange,"kb. (highway) simpangan, jalan belokan. -kkt. menukar tempat."
interchangeable,ks. yang dapat dipertukarkan.
intercity,ks. antar-kota.
intercollegiate,ks. antar-perguruan-tinggi.
intercom,kb. Inf.: hubungan telepon antar-bagian.
intercontinental,ks. antar-benua. i. missile peluru kendali antar-benua.
intercostal,ks. diantara tulang-tulang iga.
intercourse,"kb. pergaulan, hubungan.  sexual i. hubungan kelamin/seksuil, persetubuhan. to have sexual i. bersetubuh, tidur bersama, menggauli, bersenggama."
intercultural,ks. antar-kebudayaan. i. understanding pengertian antar-kebudayaan.
interdenominational,"ks. antar-mazhab, antar-sekte."
interdental,ks. Phon.: diantara gigi.
interdepartmental,ks. antar-departemen. i. committee panitia antar-departemen.
interdependence,kb. keadaan saling tergantung.
interdict,"kkt. 1 melarang, menghalangi. 2 Mil.: memegat."
interdiction,kb. 1 larangan. 2 Mil.: pemegatan.
interdisciplinary,ks. antar cabang ilmu pengetahuan.
interest,"kb. 1 perhatian, minat. 2 Fin.: bunga. 3 kepentingan. in the i. of demi kepentingan, untuk. -kkt. menarik perhatian. interest-bearing ks. berbunga. -interested ks. yang berkepentingan. -interesting ks. yang menarik(hati)."
interfaith,ks. antar-agama.
interfere,kki. 1 mencampuri. 2 turut campur. 3 mengganggu.
interference,kb. 1 campur tangan. political i. campur tangan politik. 2 gangguan. i. on the radio  gangguan pada radio.
intergovernmental,ks. antar-pemerintahan.
interim,kb. sementara. in the i. buat sementara. -ks. sementara. i. report laporan sementara. i. appointment pengangkatan sementara.
interior,kb. 1  bagian dalam. i. of a house bagian dalam rumah. 2 (daerah) pedalaman. -ks. dalam. i. angle sudut dalam.
interisland,ks. antarpulau.
interject,"kkt. menyisipkan, menyelipkan."
interjection,kb. kata seru.
interlace,kkt. menjalin.
interlard,"kkt. membumbui, menyelang, menyelakan."
interleaved,ks. berselakan lembaran kosong.
interlibrary,ks. antar-perpustakaan. i. loan pinjaman buku antar-perpustakaan.
interlinear,ks. diantara baris. i. translation terjemahan diantara baris-baris.
interlining,kb. lapisan.
interlock,kkt. mempersambungkan satu sama lain. interlocking membership keanggotaan yang berpautan satu sama lain.
interlocutor,kb. teman berbicara.
interloper,"kb. penyelundup, penyelang yang tak berhak."
interlude,"kb. 1 waktu istirahat/mengaso, jeda. 2 selingan. musical i. selingan musik."
intermarriage,kb. 1pekawinan antar-suku/antar- bangsa/antar-agama. 2 perkawinan dengan anggota keluarga yang dekat. 3 perkawinan campuran.
intermarry,kkt. (intermarried) 1 kawin-mengawini. 2 kawin dalam keluarga.
intermediary,"kb. (j. -ries) perantara, penengah."
intermediate,ks. 1 (tingkat) menengah. 2 lanjutan. i. German Bahasa Jerman lanjutan.
interment,"kb. penguburan, pemakaman, pengebumian."
intermezzo,"kb. intermeso, selingan."
interminable,ks. tak berkesudahan/berakhir.
intermingle,"kkt. , kki. bercampur baur."
intermission,"kb. 1 istirahat, pause. 2 waktu turun minum."
intermittent,ks. yang sebentar-sebentar. i. rain hujan yang sebentar-sebentar turun. 2 antara sebentar.
intern,"kb. dokter rumah sakit. -kkt. mengasingkan, menginternir (an a camp). -kki. bertempat tinggal di sebuah rumah sakit."
internal,ks 1 dalam. i. matter urusan dalam.   2 bagian dalam. i. injuries luka-luka di bagian dalam. -internally kk. disebelah/dibagian dalam.  This medicine is not to be taken i. Obat ini tidak boleh diminum/ditelan.
international,"ks. 1 internasional, antarbangsa. i. cooperation kerjasama internasional.2  sedunia. I Labor Organization Organisasi Buruh Sedunia."
internationalize,kkt. menginternasionalisasikan.
interne,kb.  =  INTERN.
internee,"kb. interniran, tawanan."
internist,"kb. ahli/dokter penyakit dalam, internis."
internment,"kb. penginterniran, penawanan. i. camp kamp interniran, tempat tawanan/pengasingan."
internship,kb. 1 duga sebagai seorang dokter yang sedang dilatih di rumah sakit. 2 masa belajar suatu keahlian.
interoffice,kc. antar-jawatan. i. memo nota antar-jawatan.
interpellation,"kb. interpelasi, permintaan keterangan dalam parlemen kepada pemerintah."
interpersonal,ks. antar diri/perseorangan. i. relations hubungan antar-perseorangan.
interplanetary,ks. antar-planet.
interplay,"kb. pengaruh-mempengaruhi, saling mempengaruhi."
interpolate,"kkt. menyisipkan, menambah."
interpolation,"kb. penyisipan, penambahan, interpolasi."
interpose,"kkt. 1 mengemukakan (objection). 2 menempatkan, meletakkan (barriers)."
interpret,"kkt. 1 menterjemahkan. 2 menafsirkan, mengartikan. How do you i. that remark ? Bagaimana kau menafsirkan ucapan itu ?"
interpretation,"kb. 1 interpretasi, tafsiran. 2 penterjemahan."
interpreter,"kb. 1 juru bahasa. 2 penafsir, tukang tafsir."
interracial,"ks. antar-ras, antar (suku) bangsa. i. marriage perkawinan antar-sukubangsa."
interregional,ks. antar-daerah.
interregnum,kb. masa  peralihan pemerintahan.
interrelated,"ks. bersangkut-paut, saling berhubungan."
interrelation(ship),kb. hubungan timbal-balik.
interrogate,kkt. menanyai.
interrogation,kb. pemeriksaan. i. mark/point tanda tanya.
interrogator,kb. 1 penanya. 2 pemeriksa.
interrupt,"kkt. 1 menyela, mengganggu. to i. a conversation menyela percakapan. 2 memecahkan. -kki. menyela, memotong"
interruption,kb. 1 gangguan (of conversation). 2 terhentinya (bus service). to continue without further i. berjalan terus tanpa ada halangan lagi.
interscholastic,ks. antar-sekolah.
intersect,"kkt. memotong (an angle, a line). -kki. potong-memotong, silang-menyilang. -intersecting ks. berpotongan."
intersection,kb. 1 persimpangan (of road or street). 2 titik potong/pertemuan (of two lines).
intersperse,"kkt. menyela-nyelai, menyelang-nyelingi, menyelingi. The occasion was interspersed with music Peristiwa itu diselang-selingi dengan musik."
interstate,ks. antar-negarabagian. i. highway jalan-raya antar-negarabagian.
interstellar,ks. antar-bintang. i. space angkasa antar-bintang.
interstice,"kb. celah, sela."
intertwine,"kkt., kki. menjalin, berjalin."
interurban,"ks. interlokal, antar-kota."
interval,"kb. 1 jarak waktu, waktu jeda. at intervals sebentar-sebentar, sewaktu-waktu. 2selingan."
intervene,kki. 1 menghalangi. 2 campur tangan.
intervention,"kb. intervensi, campur tangan."
interview,"kb. interpiu, wawancara, tanya-jawab. to hold an i. mengadakan wawancara. -kkt. menginterpiu, mengadakan wawancara, mewawancarai. -interviewing kb. pewawancaraan."
interviewee,kb. orang yang diinterpiu/diwawancarai.
interviewer,"kb. penginterpiu, pewawancara."
interweave,"kkt. (interwove, interwoven) berjalin, menjalin(kan). to i. truth with fiction menjalin-jalinkan khayalan kedalam kebenaran."
interwove(n),lih  INTERWEAVE.
intestate,intestate
intestinal,"ks. yang berkaitan dengan usus. i. flu inpluensa usus. i. fortitude ketabahan hati yang kuat, keberanian."
intestine,"kb. usus. large i. usus besar. small i. usus kecil. -intestines j. isi perut, usus."
intimacy,"kb. (j. -cies) 1 kekariban, kerukunan, keintiman. 2 hubungan seksuil, perzinahan."
intimate,"kb. teman karib. -ks. 1 intim, karib. 2 mendalam, mengetahui/mengenal baik sekali. -kkt. mengisyaratkan. -intimately kk. dengan baik sekali. to know London i. mengenal London sampai kepelosok-pelosoknya."
intimation,"kb. 1 (hint) isyarat. 2 pemberitahuan, berita, maklumat."
intimidate,"kkt. menakut-nakuti, mempertakuti."
intimidation,"kb. intimidasi, gertakan."
into,kd. 1 kedalam. 2 menjadi. 3 ke. 4 sampai.
intolerable,ks. 1 tak tertahankan. His suffering was i. Penderitaannya tidak tertahankan. 2 amat berat. i. situation keadaan yang amat berat.
intolerance,kb. ketidaktoleranan. religious i. sikap tanpa toleransi dalam agama.
intolerant,ks. tidak bertoleransi.
intonation,"kb. intonasi, langgam/nada suara."
intone,"kkt. melagukan, menyanyikan. The clock intones the hour Jam itu melagukan tiap-tiap jam."
intoxicant,kb. minuman keras.
intoxicate,kkt. memabukkan. He was intoxicated with victory Dia sedang mabuk kemenangan. -intoxicated ks. mabuk. -intoxicating ks. yang memabukkan.
intoxication,"kb. kemabukan, keadaan mabuk."
intractable,"ks. keras kepala, degil."
intramural,ks. 1 Acad.: didalam sekolah/gedung. 2 diantara dinding.
intrans.,[intransitive] intransitip.
intransigence,kb. kekerasan pendirian.
intransigent,"ks. keras pendirian, tidak mau menyerah."
intransitive,"ks. intrinsitip, tak transitip/berpelengkap."
intravenous,ks. kedalam pembuluh darah. i. injection suntikan kedalam pembuluh darah. -intravenously kk. melalui urat nadi/urat pembuluh darah.
intrepid,"ks. pemberani, berani."
intricacy,"kb. (j. -cies) keruwetan, seluk-beluk."
intricate,"ks. ruwet, berbelit-belit, berseluk-beluk."
intrigue,"kb. tipu daya/tepok, intrik. -kkt. menggugah rasa ingin tahu, membangkitkan minat. -intriguing ks. yang membangkitkan minat."
intrinsic,ks. hakiki. -intrinsically kk. pada hakekatnya.
introduce,"kkt. 1 memperkenalkan, mengintrodusir. 2 memasukkan. 3 memajukan, mengajukan (a bill into Congress)."
introduction,"kb. 1 perkenalan, pengenalan. 2 kata pengantar, kata pendahuluan, prawacana, prakata. 3 pengantar."
introductory,"ks. 1 pengantar. i. economics pengantar ekonomi. 2 pembukaan. i. words/remaks ucapan-ucapan pembukaan, kata pengantar."
introspection,"kb. instrospeksi, mawas diri."
introspektive,"ks. mawas diri, suka introspeksi."
introvert,"kb. seorang introvert, seorang yang lebih suka memikirkan dirinya sendiri daripada orang lain."
introverted,ks. yang memusatkan perhatian dan pikiran kepada dirinya sendiri.
intrude,kkt. memaksakan. to i. o's views upon memaksakan pendapatnya pada. -kki. mengganggu. to i. into other people's affairs mencampuri urusan orang lain. to  i. upon s.o mengganggu seseorang.
intruder,"kb. 1 pengacau, orang yang menyelundup. 2  orang yang suka turut campur."
intrusion,"kb. 1 penggangguan, pengacauan. 2 hal mencampuri."
intuition,"kb. intuisi, gerak hati."
intuitive,"ks. berdasarkan intuisi, intuitif."
inundate,"kkt. membanjiri, menggenangi (with water, brochures)."
inundation,"kb. pembanjiri, penggenangan."
inure,kkt. membiasakan. to be inured to menjadi biasa untuk.
invade,kkt. 1 menyerbu (a country).  We were invaded by a swarm of  bees Kami diserbu oleh segerombolan lebah. 2 melanggar (the rights/ privacy of others).
invader,kb. penyerbu.
invalid,"kb. penderita cacad, invalide. -ks. 1 yang cacat. i. mother ibu yang cacat. 2 sakit."
invalid,"kb. penderita cacad, invalide. -ks. 1 yang cacat. i. mother ibu yang cacat. 2 sakit."
invalidate,kkt.membuat tidak berlaku. -invalidated ks. yang tak berlaku lagi.
invaluable,ks. tidak terhingga nilainya. This book is i. as a guide Buku ini tidak terhingga nilainya sebagai penuntun.
invariably,"kk. tanpa kecuali, selalu. The phone i. rings when I am busy  Telepon tetap saja berbunyi ketika saya sibuk."
invasion,"kb. 1 serbuan, penyerbuan, invasi. the i. of Normandy penyerbuan. 2 pelanggaran, penggangguan (of privacy)."
invective,"kb. makian, cercaan, cacimaki."
inveigh,kki. mengecam. to i. against socialism melancarkan kecaman yang pedas terhadap sosialisme.
inveigle,"kkt. membujuk, memperdayakan. to i. s.o. into membujuk seseorang untuk."
invent,"kkt. 1 menemukan, menciptakan (s.t. new). 2 membuat-buat. to i. a story membuat cerita."
invention,"kb. 1 (hasil) penemuan, ciptaan. 2 isapan jempol, rekaan, hasil khayalan."
inventive,ks. yang berdayacipta.
inventiveness,"kb. dayatemu, keahlian menemukan/menciptakan sesuatu yang baru."
inventor,"kb. penemu, pencipta."
inventory,kb. (j. -ries) 1 inventaris. 2 (stocktaking) inventarisasi. to take i. menginventarisasikan. -kkt. menginventarisasikan.
inverse,kb. kebalikan. The i. of 1/2 is 2 Kebalikan dari 1/2 adalah 2. -ks. terbalik. in i. ratio dalam perbandingan terbalik.
inversion,kb. 1 pembalikan. 2 Gram.: inversi.
invert,kkt. membalikkan. to i. the order of subject and predicate membalikkan susunan pokok kalimat dan sebutan. 2 menelungkupkan (a bottle). -inverted spelling ejaan yang terbalik.
invertebrate,kb. hewan tidak bertulang punggung
invest,"kkt. imenanam, menginvestasikan (money, capital). 2 melantik dengan upacara, menobatkan. -kki. to i. in menanam uang dalam. to i. in a new car membeli mobil yang baru."
investation,"kb. gangguan, serbuan (of insects)."
investigate,"kkt. menyelidiki, meneliti, mengusut, memeriksa. to i. a crime menyelidiki kejahatan. investigating  committee panitia/komisi penyelidik."
investigation,"kb. 1 pemeriksaan, pengusutan (of a case). 2 (research) penyelidikan, penelitian."
investigator,"kb. 1 pemeriksa, pengusut. 2 penyelidik, peneliti."
investiture,"kb. pentahbisan, pelantikan dalam jabatan."
investment,"kb. investasi, penanaman (uang, modal). a good i. investasi yang baik."
investor,kb. penanam uang. heavy i. in that firm orang yang banyak menanamkan uang dalam perusahaan itu.
inveterate,"ks. tetap, berurat-berakar. i. smoker perokok yang sudah mendarah daging, seorang  yang sudah candu merokok."
invidious,yang menyakitkan hati. i. comparisons perbandingan-perbandingan yang menyakitkan hati.
invigorate,"kkt. memperkuat, menyegarkan. This lotion invigorates the skin Air pembersih ini memperkuat dan menghidupkan kulit. -invigorating ks. yang menghidupkan/menyegarkan (air)."
invincible,ks. tak terkalahkan. i. courage keberanian yang tidak terkalahkan.
inviolable,ks. tidak diganggu-gugat. The king's person was i. Diri raja tidak dapat diganggu-gugat.
invisibility,kb. limunan.
invisible,"ks. tak kelihatan, limunan, siluman, gaib. Bacteria are i ; to the naked eye Kuman-kuman tidak dapat dilihat dengan mata biasa. i. ink tinta limunan."
invitation,"kb. undangan, uleman."
invite,kkt. 1 mengundang. 2 mempersilakan. 3 meminta. -inviting ks. yang menarik. The water doesn't look very i. Air itu tidak begitu menarik kelihatannya.
invocation,kb. doa. to  deliver the i. membacakan doa.
invoice,"kb. faktir, faktur, paktur."
invoke,invoke
involuntary,ks. 1 tanpa sengaja. i manslaughter pembunuhan yang tak berencana/sengaja. 2 diluar (pengawasan) kemauan.
involve,involve
involvement,"kb. kekusutan, persangkutan, keterlibatan."
invulnerability,kb. kekebalan.
invulnerable,"ks. kebal, tak dapat dikalahkan."
inward,ks. (dalam) batin. -kk. menuju masuk/kedalam. -inwardly  kk. dalam hati-batin.
iodine,kb. 1 yodium. 2 obat merah.
iodized,ks. yang mengandung yodium. i. salt garam dapur yang mengandung yodium.
ion,kb. ion.
ionic,ks. ionis.
ionization,kb. ionisasi.
ionize,"kkt., kki. mengalami ionisasi, terurai menjadi ion."
ionosphere,kb. ionosfir.
ionsufferable,ks. tidak tertahankan.
iota,"kb. sedikit juapun, sekecil-kecilnya.  There's not an i. of truth to that story Tidak ada sedikitpun kebenaran dalam cerita itu."
"iq.,  i.q.","[Intelligence Quotient) tingkat kecerdasan, derajat cerdas, angka kecerdasan, hasilbagi inteligensi."
ir.,1 [Irish] 1 orang/bahasa Irlandia. 2 [Irland] Irlandia
iranian,kb. 1 orang Iran. 2 bahasa Iran. -ks. yang berhubungan dengan Iran.
iraqi,"kb., ks. 1 orang Irak. 2 bahasa Irak."
irascible,"ks. yang lekas marah, lekas naik darah, bengkeng, berang. i. disposition perangai yang suka lekas marah, sifat pemberang."
irate,"ks. marah, berang."
ire,kb. kemarahan. to arouse s.o's i. membangkitkan kemarahan seseorang.
ire.,[Ireland] Irlandia.
iridescent,"ks. warna-warni, yang berhubungan dengan perubahan warna."
iris,kb. 1 selaput pelangi (of the eye). 2 (flower) bunga iris.
irish,kb. orang Irlandia. 2 bahasa Irlandia. -ks. yang berhubungan dengan Irlandia.
irishman,kb. (j. -men) orang Irlandia.
irk,"kkt. kesal hati, jengkel. It irks me to... Kesal hati saya..."
irksome,ks. yang menjengkelkan/mendongkolkan/ menjemukan.
iron,kb. besi. 2 Firm.: seterika (listrik). -ks. 1 besi. 2 keras. 3 kuat. -irons j. belenggu. -kkt. Cloth.: menyeterika. I. Curtain Tirai Besi. iron-fisted ks. keras. iron-willed ks. berkemauan keras. -ironing kb. pakaian-pakaian yang hendak diseterika.
ironclad,"ks. sukar sekali dirobah, kuat (sekali). i. guarantee jaminan yang kuat."
ironic(al),ks. 1 ironis. 2 yang mengejek.
ironware,kb. barang dari besi.
ironwood,"kb. (kayu) ulin, kayu besi."
ironwork,kb. barang-barang besi.
ironworker,kb. pekerja barang-barang besi.
irony,"kb. (j. -nies) ironi, ejekan. i. of fate ejekan nasib. one of the ironies of life salah satu ironi kehidupan."
irradiate,kkt. 1 menyinari. 2 menyorot(i). The patient was irradiated by ultraviolet lamp Orang sakit itu disorot dengan lampu ultraviolet.
irradiation,"kb. penyinaran, penyorotan, penerangan."
irrational,"ks. yang mengigau, tidak logis. i behavior tingkah-laku yang tidak logis atau yang tidak masuk akal. 2 irasional, yang belum diketahui. i. number bilangan persamaan irasional."
irreclaimable,ks. 1 tidak dapat diminta kembali (of objects). 2 yang tak dapat ditebus/ diperoleh kembali (of land).
irreconcilable,ks. tidak dapat didamaikan/dirujukkan kembali.
irrecoverable,ks. tidak dapat diperoleh lagi.
irredeemable,ks. tidak dapat ditukarkan lagi.
irreducible,ks. tidak dapat diperkecil lagi. i. minimum jumlah kecil yang tak dapat dikurangi lagi.
irrefutable,"ks. tidak dapat dibantah, tak terbantah. i. argument dalil yang tidak dapat dibantah."
irregardless,kk.  =  REGARDLESS (kurang baik).
irregular,"kb. tentara/pasukan liar. -ks. 1 yang tidak ditentukan. 2 luar biasa, lain daripada biasa. 3 tidak berketentuan. 4 (not in order) tidak beres. 5 tidak rata. an i. lot tanah yang tidak rata."
irregularity,"kb. (j. -ties) 1 ketidakberesan. i. in the accounts  ketidakberesan dalam keuangan. 2 Hyg.: sembelit, sukar kebelakang. 3 ketidakteraturan (in breathing)."
irrelevance,"kb. 1 penyimpangan. 2 ketidaktepatan, ketidakrelevanan."
irrelevancy,kb. (j. -cies)  =  IRRELEVANCE.
irrelevant,"ks. menyimpang, tidak bertalian/berhubungan. i. to the problem tidak ada hubungan dengan persoalannya. That's i. Itu tak ada hubungannya/pertaliannya."
irreligious,ks. 1 tidak beriman. 2 tidak beragama.
irremediable,ks. 1 tidak dapat diperbaiki. i. oversight kekeliruan yang tak dapat diperbaiki. 2 tidak dapat disembuhkan (of a disease).
irremovable,ks. tidak dapat dipindahkan.
irreparable,"ks. 1 tidak dapat diperbaiki. i. damage kerusakan yang tidak dapat diperbaiki. 2 tak dapat diganti, putus arang. i. loss kehilangan yang tak dapat diganti."
irreplaceable,"ks. tidak dapat diganti, tidak tergantikan."
irrepressible,ks. tidak tertekan/tertahan. i. emotions emosi yang tidak dapat ditahan.
irreproachable,ks. yang tidak dicela. i. manners sopan santun yang tidak ada celanya.
irresistible,"ks. sangat menarik, tak dapat menahan. He's i. to women Ia menarik sekali bagi wanita-wanita."
irresolute,"ks. ragu-ragu, tidak tegas."
irresolution,"kb. keragu-raguan, ketidaktegasan."
irresolvable,ks. tidak terpecahkan/teruraikan.
irrespective,irrespective
irresponsibility,"kb. ketidak-bertanggungjawaban, ketiadaan (rasa) tanggung jawab."
irresponsible,ks. yang tidak mempunyai rasa (ber)tanggungjawab.
irresponsive,"ks. bersikap acuh tak acuh, tidak perduli."
irretievable,"ks. yang tak dapat diperoleh kembali, yang tak dapat ditebus. i. loss kehilangan yang tak dapat diperoleh kembali."
irreverence,"kb. sikap kurang sopan, ketidaksopanan."
irreverent,ks. kurang/tidak sopan.
irreversible,ks. tidak dapat diubah. i. decision keputusan yang tak dapat diubah lagi.
irrevocable,"ks. tidak dapat dibatalkan, tidak dapat ditarik kembali."
irrigate,kkt. mengairi.
irrigation,"kb. pengairan, irigasi. i. canal parit aliran, selokan irigasi."
irritability,kb. (j. -ties) sifat lekas marah.
irritable,ks. (suka) lekas marah.
irritant,kb. yang mengganggu/memedihkan. Don't use harsh irritants in your eye Jangan pakai bahan-bahan yang amat mengganggu dalam matamu.
irritate,"kkt. mengganggu, mendongkol(kan), menjengkelkan. His gestures i. me Gerak-geriknya mengganggu saya. -irritating ks. 1 menjengkelkan, mengganggu, membuat perih. 2 memedihkan. i. to the eyes memedihkan bagi mata."
irritation,"kb. 1 kejengkelan. source of i. hal yang membuat orang marah/jengkel, sumber kejengkelan. 2 gangguan. i. of the membranes gangguan pada selaput-selaput. nervous i. gangguan (urat) saraf."
is,lih  BE.
is.,"[island, isle] pulau."
isinglass,kb. 1 perekat (berasal dari ikan). 2 mika.
isl.,"[island, isle] pulau."
islam,kb. Islam. followers of I. pengikut agama Islam.
islamic,ks. yang berhubungan dengan Islam. I. traditions adat lembaga Islam.
islamization,kb. peng-Islaman.
islamize,kkt. mengislamkan.
island,kb. 1 pulau. 2 kelompok. islands of resistance here and there kelompok-kelompok yang mengadakan perlawanan disana-sini 3 (traffic) bagian atau tempat (yang aman) di tengah-tengah jalan.
islander,kb. penduduk dari suatu pulau.
isle,kb. pulau (kecil). The British Isles Kepulauan Britania.
ism,kb. aliran.
isn't,[is not] lih  BE.
isobar,"kb. isobar, garis khayalan di peta bumi yang menghubungkan tempat-tempat yang sama tekanan udaranya."
isogloss,kb. garis pada peta yang memisahkan daerah-daerah yang berbeda dalam beberapa sifat-sifat bahasa.
isolate,kkt. 1 mengasingkan. to i. from others mengasingkan dari orang lain. 2 memisahkan. to i. oxygen from hydrogen memisahkan zat asam dari zat air. to i. o.s. from menjauhkan diri dari. -isolated ks. terpencil. i. area daerah yang terpencil.
isolation,"kb. isolasi, pengasingan, keterpencilan, pemisahan."
isolationist,"kb., ks. (orang) yang suka mengasingkan negerinya dari dunia."
isosceles,ks. samakaki. i. triangle segitiga samakaki.
isotope,kb. isotop.
israeli,kb. orang Israel. -ks. yang berhubungan dengan Israel.
issuance,kb. pengeluaran. i. of new stamps pengeluaran perangko baru.
issue,"kb.1  (pokok) persoalan. 2 terbitan, nomor. 3 hasil.4 anak. -kkt. 1 mengeluarkan (magazines, money, stamp). 2 memberikan (uniforms, parking tickets). 3 membagikan (uniform). -kki. keluar."
isth.,[isthmus] genting tanah.
isthmus,kb. genting tanah. the Kra I. genting tanah Kra.
istinerary,kb. (j. -ries) rencana perjalanan.
it,"kb. Sl.: daya seks. -kg. 1 dia, ia. 2 -nya. 3 itu."
it'll,[it will] lih  WILL.
it's,it's
it(al).,[Italy] Itali(a). 2 [Italian) orang Itali ; bahasa Itali.
italian,"kb., ks. 1 orang Itali. 2 bahasa Itali. I. accent logat Itali."
italicize,kkt. menuliskan dengan huruf miring.
italics,"kb., j. huruf miring, kursif. The i. are mine Tulisan miring itu saya yang membuatnya."
italy,kb. Itali(a).
itch,kb. 1 penyakit gatal. 2 keinginan yang besar. -kkt. membuat gatal. -kki. gatal. -itching kb. kegatalan. She has i. feet Ia ingin bepergian.
itchiness,kb. 1 hasrat. 2 rasa gatal.
itchy,ks. 1 gatal. 2 gelisah. i. fingers tangan yang selalu ingin menembak.
item,"kb. 1 barang, artikel. 2 hal, soal. 3 (news) berita. 4 pokok. 5 nomor."
itemization,kb. perincian.
itemize,kkt. memerinci(kan). itemized bill rekening dengan perhitungan terperinci.
itinerant,ks. yang (pergi) berkeliling. i. farmer petani yang berpindah-pindah tempat. i. preacher khatib yang berkeliling.
its,"kg. -nya, kepunyaan. in i. proper place pada tempat yang sebenarnya."
itself,lih  SELF.
iud,[Intrautiren  device] kb. spiral.
ivied,ks. dijalari tanaman ivy.
ivory,"kb. (j. -ries) gading. i. task taring gading. I. Coast Panitia Gading.  -ivories j. Sl.: tuts-tuts, mata piano."
ivy,kb. semacam tumbuhan menjalar. I. League lembaga/organisasi atletik daripada delapan buah universitas di bagian timur-laut A.S.
