"m, m",kb. huruf ketigabelas dari abjad Inggris.
m.,"1 [male, masculine] maskulin, jantan. 2 [meter(s)] meter.  3  [minute (s)] menit. 4 [mile(s)] mil"
m.a.,[Master of Arts] Sarjana (gelar yang diberikan oleh universitas kepada seseorang yang sudah selesai belajar tingkatan universitas lanjutan.
m.c.,[Master of Ceremonies) kb. pemimpin upacara.
m.p.h.,[miles per hour] mil per jam.
m.s.,1 [Master of Science] Sajana. 2 [Motor Ship] Kpal (Ber) motor.
m.v.,[motor vessel] kapal motor.
m/sgt,[Master Sergeant] Sersan Kepala.
ma,kb. bu.
ma'am,"kb. Inf.: bu, nyonya."
mac,"kb. Sl.: bang, bung (kata panggilan)."
macabre,"ks. mengerikan, menakutkan."
macadam,kb. jalan aspal.
macaroni,kb. makaroni.
mace,kb. 1 (spice) bunga pala. 2 tongkat kebesaran.
machination,"kb. akal bulus, intrik, kasak-kusuk."
machine,"kb. 1 mesin. 2 mobil. 3 organisasi. the m. age abad mesin. m. gun senapan mesin.  machine-made ks. dibuat dengan mesin, jahitan mesin."
machinery,"kb. (j. -ries) 1 mesin, mesin-mesin. 2 perlengkapan (for an election)."
machinist,"kb. masinis, ahli mesin."
mackerel,kb. sejenis ikan air tawar.
macrocosm,"kb. makrokosma, alam semesta."
macron,kb. garis makron.
mad,"ks.  1 marah.  2 gemar sekali. 3 gila.4 edan. -madly kk. sangat, mabuk. m. in love  mabuk cinta."
madam,kb. nyonya. M. chairman Nyonya/ ibu ketua.
madcap,"ks. yang bukan-bukan, gila."
madden,kkt. memarahkan. -maddening ks. menjengkelkan.
made,lih  MAKE.
madhouse,kb. rumah gila. It's like a m. Tempat ini jadi gaduh dan membingungkan sekali.
madman,"kb. (j, -men) orang gila."
madness,kb. 1 kegilaan. 2 penyakit gila.
maestro,kb. 1 pemimpin orkes simfoni. 2 ahli musik.
maewest,kb. baju pelampung.
magazine,kb. 1 majalah. 2 (powder) gudang senjata. 3 tempat peluru/pelor/mesiu
maggot,"kb. tempayak, belatung, ber(e)nga."
magic,"kb. 1 sihir. 2 main su(ng)lap. 3 gaya tarik. -ks. gaib. m. power kekuatan gaib, daya sihir. m. eye  = ELECTRIC EYE."
magical,ks. gaib. m. powers tenaga-tenaga gaib.
magician,kb. tukang sihir/sulap.
magistrate,kb. hakim.
magnanimity,"kb. (j. -ties) keluhuran budi, kemurahan hati."
magnanimous,ks. murah hati.
magnate,"kb. tokoh terkemuka, jago. steel m. tokoh terkemuka dalam perusahaan baja."
magnet,"kb. 1 maknit, besi/batu berani. 2 daya penarik."
magnetic,ks. 1 maknit. m. compass kompas maknit. 2 amat menarik. m. personality kepribadian yang amat menarik. m. field medan gaya. m. tape pita perekam suara.
magnetism,kb. 1 kemaknitan. 2 daya tarik (of personality)
magnificence,"kb. 1 kecemerlangan. 2 keindahan, kebesaran."
magnificent,ks. bagus sekali (performance).
magnified,lih  MAGNIFY.
magnifier,"kb. suryakanta, kaca/lensa pembesar."
magnifies,lih  MAGNIFY.
magnify,"kkt. (magnified) 1 membesar-besarkan, memperbesar (of microscope, problems). 2 menambah (o's voice). magnifying glass kaca pembesar, suryakanta."
magnitude,kb. 1 besarnya (of a task). 2 jarak (of stars). of the firs m. paling serius/penting.
mahogany,kb. mahoni.
maid,"kb. 1 babu, pelayan. 2 gadis. old m. perempuan tua, perawan tua. m. in waiting dayang-dayang."
maiden,"kb. gadis, perawan. -ks. pertama. m. voyage pelayaran yang pertama. m. name nama kecil, nama semasa gadis."
mail,"kb. 1 pos. 2 antaran pos. -mails j. surat-surat, pos. -kkt. memposkan. m. carrier pengantar pos. mail-order ks. pesanan melalui/dengan pos. -mailing kb. pengiriman pos. m. list daftar alamat."
mailbag,kb. kantong surat-pos.
mailbox,"kb. kotak pos, bis surat."
mailchute,kb. tempat penyalur surat-surat.
mailman,kb. (j. -men)  pengantar/upas pos.
maim,kkt. memuntungkan.
main,kb. pipa saluran air. -ks. 1 pokok. 2 utama. 3 besar. 4 penuh. 5 induk. -mainly kk. sebagian besar.
mainland,kb. tanah daratan.
mainspring,kb. 1 per besar. 2 dorongan utama.
mainstay,kb. aliran/arus utama.
maintain,"kkt. 1 memelihara (under, health). 2 menegakkan (doscipline). 3 membiayai (o's family). 4 mengurus (an office). 5 mempertahankan (o's skill)."
maintenance,kb. 1 ongkos/biaya hidup. 2 pemeliharaan (of car).
majestic,ks. 1 penuh keagungan. 2 megah sekali.
majesty,kb. (j. -ties) 1 keagungan. 2 kekuasaan tertinggi (of the law). His M. Seri Baginda.
major,kb. 1 mayor. 2 Educ.: mata pelajaran pokok. -ks. 1 utama. 2 besar. 3 Mus.: mayor. -kki. mengambil sebagai matapelajaran utama.
majority,kb. (j. -ties) 1 mayoritas.  2 dewasa. 3 kelebihan (of votes). 4 sebagian besar.
make,"kb. merek.  -kkt. (made) 1 membuat (a cake, will, mistake). 2 menjahit (a dress). 3 mendapat, mencapai (good, o's mark, a good grade). 4 membikin. 5 menjadi. 6 memperoleh, menerima. 7 menempuh. 8 menjalankan. 9 mengadakan. 10 mengeluarkan. 11 melemparkan maker"
maker,"kb. pembuat, pembina. M. Tuhan, Sang Pencipta."
makeshift,kb. pengganti sementara. m. government pemerintah sementara. in a m. manner secara tambal sulam.
maladjusted,ks. yang tak dapat menyesuaikan diri.
maladjustment,kb. ketidakmampuan menyesuaikan diri.
malady,kb. (j. -dies) penyakit.
malaise,kb. rasa tidak enak (badan).
malapropism,kb. penggunaan kata yang tidak tepat.
malaria,kb. malaria.
malarkey,"kb. Sl.: omong kosong, kecap."
malay,kb. 1 orang Melayu. 2 bahasa Melayu. the M. Archipelago Kepulauan Melayu.
malayan,kb. orang Melayu. -ks. Melayu.
malayo-polynesian,ks. Melayu-Polinesia.
malaysian,kb. orang warga Malaysia. -ks. dari atau yang berhubungan dengan Malaysia.
malcontent,kb. orang yang tak puas/senang.
maldistribution,kb. distribusi yang tak merata.
male,"kb. 1 jantan. m. puppy anjing jantan. 2 pria, laki-laki. m. nurse perawat pria. m. child anak laki-laki."
malevolent,ks. yang berhati dengki.
malfeasance,"kb. pelanggaran karena jabatan, kejahatan jabatan."
malformation,"kb. cacad, bentuk yang cacad."
malfunction,kb. kegagalan pemakaian.
malice,"kb. kedengkian, kebencian. to bear m. towards menaruh dendam terhadap, mendendami."
malicious,"ks. dengki, jahat, dendam. m. gossip desas-desus yang jahat, omongan jahat."
malign,kkt. memfitnah.
malignancy,"kb. (j. -cies) 1 Dis.: penyakit yang berbahaya. 2 kejahatan, keburukan."
malignant,"ks. 1 Dis.: yang menular, yang membahayakan. 2 sangat jahat."
malinger,kki. pura-pura sakit.
malingerer,kb. orang yang pura-pura sakit.
malleable,"ks. 1 lunak, dapat ditundukkan. 2 yang dapat ditempa (of metal)."
mallet,"kb. tukul kayu, palu, godam, martil, pemukul."
malnutrition,"kb. salah makanan, kekurangan gizi, salah- gizi."
malpractice,"kb. 1 Med.: salah mengobati, cara mengobati pasien yang salah. 2 tindakan salah."
malt,"kb. gandum/beras terendam air ditaruh diatas nyiru, sampai berkecambah kemudian dikeringkan. malted milk susu bubuk campur ragi."
maltreat,kkt. menganiaya.
maltreatment,kb. penganiayaan.
mamma,"kb. ibu, mama."
mammal,kb. binatang menyusui.
mammary,ks. yang berkaitan dengan buah dada. m. gland kelenjar susu.
mammon,kb. dewa kekayaan. to serve m. beragama pada uang.
mammoth,"ks. besar-besaran, hebat (undertaking)."
man,kb. (j. men) 1 orang laki-laki. 2 laki-laki dewasa. 3 manusia. 4 suami. 5 (chess) biji catur.man-made ks. 1 buatan tangan. (of fiber). 2 buatan manusia (of a disaster). man-of-war kb. kapal perang. man-size(d) ks. yang berukuran orang dewasa.
manacle,kb. belenggu. -kkt. membelenggu.
manage,"kkt. 1 mengurus, mengatur, melaksanakan, mengelola. 2 memperlakukan (seseorang). -kki. mengatur. -managing ks. pelaksana."
manageable,ks. dapat diatur/dikendalikan.
management,"kb. 1 direksi, pimpinan. under new m. dibawah direksi/pimpinan baru. 2 ketatalaksanaan, tata pimpinan, pengelolaan."
manager,kb. pengelola/pimpinan usaha. sales m. pemimpin/direktur bagian penjualan.
managerial,ks. yang berhubungan dengan kepemimpinan/pengelolaan.
mandate,"kb.1 perintah, amanat (of a court). 2 mandat, hak (over territory). 3 tugas. -kkt. mengamanatkan (to kepada)."
mandatory,"ks. bersifat perintah, yang diperintahkan."
mandible,kb. rahang (bawah).
mandolin,kb. mandolin.
mane,"kb. bulu tengkuk (kuda, singa, dsb)."
maneuver,"kb.1 Mil.: gerakan tentara. -maneuvers perang-perangan. 2 kelicikan, muslihat. -kkt. mengarahkan, mendesak. -kki. 1 mengatur siasat. 2 mengadakan gerakan."
maneuverability,kb. cara menggerakkan (of a vehicle).
manganese,"kb. batu kawi, manggan."
mange,kb. semacam kudis pada anjing dsb.
manger,"kb. palung, malaf."
mangle,"kb. alat pelicin pakaian. -kkt. 1 merobek-robek, mengoyak-ngoyak. 2 merusak (o's language). 3  (iron) menyeterika."
mango,kb. mangga.
mangosteen,kb. manggis.
mangrove,kb. bakau.
mangy,ks. 1 berkudis. 2 kotor.
manhandle,"kkt. menghajar, menganiaya."
manhole,kb. lubang got.
manhood,kb. 1 kejantanan. 2 keberanian. 3 kedewasaan.
manhunt,kb. pemburuan orang (terutama penjahat).
mania,kb. keranjingan. m. for sailing keranjingan berlayar.
maniac,kb. orang gila.
manicure,"kb. perawatan tangan dan kuku. -kkt. merawat tangan dan kuku, merapikan dan mencat kuku, merias tangan."
manifest,"kb. 1 daftar mengenai  muatan. 2 konosemen, surat muatan. -ks. nyata, terang, jelas. -kkt. menunjukkan, menaruh (in kepada)."
manifestation,"kb. manifestasi, perwujudan, penjelmaan."
manifesto,kb. manifesto.
manifold,"kb. pipa bermulut banyak, manipol. -ks. berjenis-jenis, bermacam-macam."
manila,kb. Manila. m. hemp serabut dari pohon henep di Filipina.
manipulate,"kkt. 1 (to control) menggerakkan. 2 memainkan (characters in a novel). 3 menggunakan, menyelewengkan (accounts). 4 mendalangi."
manipulation,"kb. 1 manipulasi, perbuatan curang. 2 penyalahgunaan, penyelewengan."
manipulator,"kb. 1 penyeleweng. 2 manipulator, dalang."
mankind,kb. umat manusia.
manliness,kb. kejantanan.
manly,"ks. 1 jantan. 2 berani, gagah."
manna,kb. makanan dari sorga.
mannequin,"kb. peragawati, boneka pajangan."
manner,"kb. 1 cara. m. of speaking cara berbicara. 2 gaya. 3 sikap. -manners j. kelakuan, tatakrama. good manners kelakuan baik. -mannered ks. dibuat-buat."
mannerism,"kb. kelakuan, perangai, lagak."
mannish,ks. seperti seorang laki-laki.
manoeuvre,#NAME?
manpower,kb. tenaga manusia/kerja.
manse,"kb. rumah pendeta, pastori."
mansion,kb. rumah yang besar.
manslaughter,kb. pembunuhan (tidak direncanakan).
mantel,kb. papan/rak diatas tungku.
mantelpiece,#NAME?
mantle,"1 mantel. 2 lapisan (of snow). 3 Cloth.: mantol, mantel."
manual,"kb. buku (pedoman). 2 papan tuts (orgel). -ks. kasar, tangan. m. labor pekerjaan kasar/tangan. m. training latihan kerajinan-tangan. -manually kk. dengan tangan."
manufacture,kkt. mempaberik/membuat/ menghasilkan dengan tangan/mesin. manufacturing town kota paberik.
manufacturer,"kb. pabrikan, pengusaha pabrik."
manure,"kb. pupuk, rabuk. -kkt. memupuk, merabuk."
manuscript,kb. naskah.
many,kb. banyak. m. of them banyak diantara mereka. -ks. banyak. m. books banyak buku. one too m. 1 terlalu banyak. 2 mabuk. many-faceted ks. bersegi banyak.  many-sided  1 bersegi banyak (of a figure). 2 serbaguna.
map,kb. peta. road m. peta jalan. -kkt. (mapped) memetakan. to m. out merencanakan (a route). -mapping kb. pembuatan/membuat peta.
maple,kb. sejenis pohon. 2 kayu. m. syrup sirop maple.
mar,kkt. (marred) 1 merusak. 2 mengotori (a wall with crayon).
mar.,[March] bulan Maret.
marathon,kb. maraton.
marauder,"kb. perampok, perusak."
marble,"kb. 1 marmer, pualam. 2  kelereng, keneker, gundu."
march,"kb. 1 Mus.: mars. 2 gerakan. 3 baris. -kkt. menyuruh pergi. -kki. berbaris, berdefile."
marcher,kb. orang yang berbaris.
mare,kb. kuda betina.
margarine,kb. margarina.
margin,"kb. garis tepi, pinggiran (halaman) (on page). 2 kesempatan, kebebasan (for error). 3 batas (of profit). to operate on a narrow m. menjalankan perusahaan dengan keuntungan kecil."
marginal,"ks. 1 tipis (of benefits, subsistence). 2 kecil (of income). m. land tanah tepian/pinggiran. m. man orang (yang) setengah-tengah. m. notes catatan-catatan di pinggir halaman."
marijuana,"kb. mariuwana, ganja."
marina,"kb. dok, pangkalan (untuk perahu-perahu)."
marinate,kkt. mengasinkan. marinated herring haring yang diasinkan.
marine,kb. anggota KKO. M. Corps Korps Komando Operasi AL (KKO). Inf.: Tell that to the marines ! Omong kosong ! -ks. 1 laut. 2 kapal.
mariner,kb. pelaut.
marionette,kb. (wayang) golek.
marital,ks. yang berhubungan dengan perkawinan. m. status kedudukan perkawinan. m. difficulties kesulitan-kesulitan antara suami-istri.
maritim,"ks. maritim, bahari. m. city kota bandar/maritim. m. law hukum laut. m. power negara samudera."
marjoram,kb. semacam tanaman yang mengandung zat permen.
mark,"kb. 1 tanda sasaran. to hit m. mengenai tanda sasaran. 2 tanda (of a pencil, of a gentleman). 3 bekas, tanda (of a wound). 4 (grade) angka, nilai. 5 ciri-ciri. -marked ks. diputuskan (for promotion, execution)"
markedly,kk. nyata/menyolok sekali.
marker,kb. 1 tukang cap. 2 penilai 9of grades).
market,"kb. 1 pasar. 2 pasaran. 3 pasar bursa. -kkt. menjual, memperjual- belikan, memasarkan. m. basket keranjang belanja. -marketing kb. 1 pemasaran, perdagangan. 2 belanja. to go m. berbelanja."
marksman,kb. (j. -men). ahli menembak.
markup,kb. kenaikan harga.
marmalade,kb. semacam sele jeruk.
maroon,"ks. merah tua, warna sawo matang. -kkt. terdampar."
marquee,kb. tempat berteduh seperti atap dimuka pintu masuk sebuah gedung.
marriage,"kb. 1 perkawinan, pernikahan. m. certificate akte pernikahan, surat kawin. 2 penggabungan."
marriageable,"ks. dewasa, boleh kawin. of m. age pantas untuk kawin, dewasa."
married,lih  MARRY.
marries,lih  MARRY.
marrow,"kb. sumsum, sungsum."
marry,kkt. (married) 1 mengawini (s.o.). 2 mengawinkan (s.o.off). -kki. kawin. -married ks. yang sudah kawin.
mars,kb. Marikh.
marsh,"kb. rawa, paya."
marshal,kb. 1 marsekal (AD). 2 polisi (di A.S.). 3 pemimpin (of a parade). -kkt. menyusun. to m. (o's) facts menyusun fakta-fakta.
marshland,kb. tanah rawa.
marshmallow,kb. manisan yang putih dan empuk.
marshy,ks. rawa. m. area daerah rawa.
mart,kb. pasar. trade m. pasar perdagangan.
martial,ks. yang berhubungan dengan perang. m. law keadaan perang. m. music  musik perang. m. spirit semangat perang.
martinet,kb. orang yang keras tatatertibnya.
martini,kb. semacam cocktail.
martyr,"kb. syahid, syuhada, martir."
martyrdom,kb. kesyahidan.
marvel,"kb. sesuatu yang sungguh-sungguh mengagumkan, mukjizat, keajaiban. -kki. kagum, heran."
marvelous,ks. 1 bagus sekali. m. buy pembelian yang bagus sekali. 2 yang mengagumkan (of a performer). Inf.: We had a m. time at the party Kami sungguh-sungguh senang dalam pesta itu.
marxism,kb. Marxisme.
marxist,"kb., ks. Marxis, penganut ajaran Karl Marx."
masc.,"[masculine] maskulin, jantan."
mascara,kb. celak.
mascot,"kb. jimat, azimat."
masculine,"ks. 1 laki-laki, jantan. 2 kelaki-lakian. 3 Gram.: maskulin."
masculinity,"kb. kejantanan, sifat kelaki-lakian."
maser,kb. maser (alat pengukur elektro-magnet).
mash,"kb. semacam bubur (for livestock, for making beer or wiskey). -kkt. melenyehkan (potatoes). mashed potatoes kentang pure/tumbuk."
masher,"kb. 1 Sl.: hidung belang, mata keranjang. 2 orang/alat untuk menumbuk atau melembutkan."
mask,"kb. 1 topeng. death m. topeng mati/ mayat. 2 kedok. 3 Sport : masker, penutup atau pelindung muka. -kkt. menembunyikan, menutupi (o's feelings, o's intentions). -masked ks. bertopeng. m. ball pesta topeng, balmaski."
masochism,kb. kegembiraan/kesenangan karena menderita/disiksa.
masochist,kb. seorang yang suka menderita.
mason,kb. 1 tukang batu. 2 M. anggota perkumpulan kebatinan. M. jar semacam stoples yang bertutup rapat.
masonic,ks. yang berhubungan dengan perkumpulan kebatinan.
masonry,"kb. (j. -ries) 1 bangunan pertukangan batu. 2 keahlian tukang batu. 3 M. perkumpulan kebatinan orang-orang yang disebut Freemason, Vrijmetselarij."
masquerade,"kb. 1 pesta bertopeng, balmaski. 2 penyamaran. -kki. 1 bermain, berlaku.  2 menyamar, menyamarkan diri (as sebagai)."
mass,"kb. 1 Phys.: massa. 2 banyak sekali (of information). 3 Rel.: M. Misa. -the masses j. massa (rakyat). -ks. massa. 2 rakyat. 3 besar-besaran. -kkt. mengumpulkan, menyusun (troops). -kki. berkumpul."
mass.,[Massachusetts) negara bagian A.S.
massacre,"kb. pembunuhan besar-besaran. -kkt. menyembelih, membunuh secara kejam dan secara besar-besaran."
massage,"kb. pijat, pijit. -kkt. memijit, mengurut. m. parlor tempat/panti pijat."
masseur,"kb. ahli pijat, tukang pijit/urut."
masseuse,"kb. ahli pijat perempuan, tukang pijit wanita, pramupijat."
massive,"ks. secara besar-besaran, raksasa."
mast,kb. tiang (kapal).
master,"kb. 1 tuan rumah. 2 nakhoda (of a ship). 3 pemilik. 4 jagoan (at a skill, sport). 5 pelukis ulung (seperti Rembrandt). 6 tuan, ndoro (anak laki-laki yang belum dewasa),  orang yang mempunyai kekuasaan. -kkt. menguasai (a subject, o's temper)."
masterful,ks. bagus sekali.
masterly,"ks. yang mengagumkan, bagus sekali."
mastermind,"kb. dalang, otak, perencana. -kkt. mendalangi."
masterpiece,kb. karya besar/agung.
masterwork,kb. karya besar/agung.
mastery,kb. (j. -ries) 1 penguasaan. to have a m. of a subject menguasai sebuah vak/kejuruan. 2 keunggulan (over terhadap).
masthead,kb. 1 puncak-tiang kapal. 2 News.: kepala suratkabar.
masticate,kkt. mengunyah.
mastoid,kb. tulang karang.
masturbate,"kki. merancap, main onani."
masturbation,"kb. onani, perancapan."
mat,"kb. 1 kesetan, pengesat kaki (at door). 2 tatakan (on table). 3 lapik. -kkt. (matted) membikin kusut."
match,"kb. 1 korek api, geretan. 2 Sport : pertandingan. 3 tandingan. -kkt. 1 mencocokkan (the numbers). 2 menandingi. 3 mengadu (two boxers) -kki. cocok. -matching ks. sesuai. m. colors warna-warna yang sebanding."
matchbook,kb. kertas penutup korek api.
matchbox,kb. kotak korek api.
matchless,ks. tak ada bandingannya/taranya. m. skill kecakapan yang tak ada bandingannya.
matchmaker,"kb. pencari jodoh, pinang muda, mucikari, mak comblang, penjaruman."
matchstick,kb. batang korek api.
mate,kb. 1 jodoh.  2 suami. 3 isteri. 4 pasangan (to a sock). Nau.: first m. pelayan/kelasi kelas satu. -kkt. mengawinkan. -kki. kawin. -mating kb. perkawinan (of birds). m. season musim berkawin.
material,"kb. 1 bahan, material. 2 alat-alat. 3 Cloth.: cita, kain. -ks. 1 materiil 2 pokok. 3 utama, penting.  4 jasmaniah. -materially kk. materill, jasmaniah."
materialism,kb. materialisme.
materialist,kb. materialis.
materialistic,ks. materialistis.
materialize,kkt. terwujud.
materiel,"kb. perlengkapan, peralatan."
maternal,"ks. keibuan, yang berhubungan dengan ibu. m. instinct dorongan hati keibuan. m. grandmother nenek dari pihak ibu."
maternity,kb. keibuan. m. center rumah bersalin. m. clothes pakaian untuk wanita hamil.
math,kb. Inf.: ilmu pasti.
math.,1 [mathematical] yang bersifat ilmu pasti. 2 [mathematics] ilmu pasti.
mathematical,"ks. yang berhubungan dengan ilmu pasti, matematis. with m. precision dengan ketepatan yang persis sekali. -mathematically kk. menurut ilmu pasti, secara matematis."
mathematician,kb. ahli ilmu pasti.
mathematics,"kb. ilmu pasti, matematika."
matinee,kb. pertunjukan siang/sore.
matriarch,"kb. ibu pemimpin keluarga, wanita pemimpin suku."
matriarchal,"ks. peribuan, matriarkal."
matriarchy,kb. (j. -chies) 1 organisasi masyarakat yang materiarkal. 2 pucuk pimpinan di tangan wanita/ibu.
matrices,lih  MATRIX.
matricide,kb. pembunuhan (terhadap) ibu.
matriculate,"kki. mendaftarkan diri (sebagai  mahasiswa), diterima sebagai mahasiswa."
matriculation,kb. penerimaan masuk sebagai mahasiswa pada perguruan tinggi.
matrimonial,ks. yang berhubungan dengan perkawinan.
matrimony,kb. (j. -nies) ikatan perkawinan. to join in holy m. menyatukan dalam ikatan perkawinan yang suci.
matrix,"kb. (j. matrices) 1 Print.: acuan, matres. 2 Anat.: kandungan rahim. 3 Math.: susunan angka-angka, matriks. 3 batu(an)."
matron,kb. ibu yang muda. 2 ibu (asrama). m. of honor wanita bersuami yang menjadi pengiring utama dalam perkawinan.
matronly,ks. keibuan. m. figure raut badan keibuan.
matter,"kb. 1 zat. 2 bahan. 3 barang. 4 perkara, hal. 5 persoalan. 6 nanah (in a sore). 7 soal. 8 urusan. 9 kiriman. -matters j. keadaan. -kki. berarti. matter-of-fact ks. tidak menghayal-khayalkan, tidak berbelit-belit."
matting,kb. 1 tikar. 2 anyaman jerami untuk pembungkus.
mattock,"kb. beliung, cangkul."
mattress,kb. kasur.
maturation,kb. 1 pemasakan seorang anak. 2 Med.: bernanahnya bisul.
mature,"ks. 1 dewasa. 2 masak (of fruit,cheese). 3 matang. -kki. menjadi dewasa."
maturity,kb. (j. -ties) kedewasaan. m. date of a loan batas waktu pinjaman.
maudlin,maudlin
maul,"kkt. melukai, menganiaya."
mausoleum,kb. makam/kuburan yang besar dan amat indah.
mauve,ks. lembayung muda.
maverick,kb. orang/organisasi yang tidak konvensionil.
max.,[maximum] maksimum.
maxim,"kb. peribahasa, pepatah."
maximal,ks. maksimal.
maximum,"kb., ks. maksimum. m. amount jumlah yang tertinggi."
may,"kkb. (meight) 1 boleh. 2 mungkin. 3 barangkali. 4 semoga, mudah-mudahan."
maybe,"kk. barangkali, boleh jadi."
mayday,kb. panggilan internasional dengan radio minta bantuan dari sebuah kapal atau pesawat terbang.
mayhem,kb. aniaya. to commit m. on s.o berbuat aniaya terhadap seseorang.
mayonnaise,"kb. kuah (bumbu) selada, saos selada."
mayor,kb. walikota.
mayoralty,kb. (j. -ties) jabatan walikota.
maze,"kb. jaringan jalan yang ruwet, simpang siur jalan. m. of caves gua-gua yang bersimpang-siur."
mccoy,kb. Inf.: the real M. yang benar/murni/sungguh.
"md, m.d.",[Doctor of Medicine] kb. dokter.
md.,[Maryland] negarabagian A.S.
me,kg. 1 saya. He saw me Dia melihat saya. 2 aku. Dia melihat aku. 3 -ku. Give the box to me Berikan kotak itu kepadaku.
me.,[Maine] negara bagian A.S.
meadow,kb. padang rumput.
meager,ks. 1 amat kecil/kurang. m. allowance uang saku yang amat kecil. 2 tidak lengkap. m. reports berita-berita yang tidak lengkap.
meal,kb. 1 tepung. corn m. tepung jagung. 2 makanan. square m. makanan lengkap.
mealtime,kb. waktu makan.
mealy,ks. seperti tepung.
mean,"kb. (titik) pertengahan (antara ujung yang ekstrim), sedang, rata.  -kkt. (meant) 1 bermaksud, berniat. 2 berarti. 3 menakdirkan, memaksudkan. 4 memperuntukkan. 5 menujukan. 6 bersungguh - sungguh. -meaning kb. arti."
meander,"kki. berliku-liku, berkelok-kelok. -meandering kb. liat-liut (of a river)."
meaningful,"ks. berarti, penuh dengan arti."
meaningless,ks. tak berarti.
meanness,"kb. keburukan, kepicikan, kejahatan."
means,"kb., j. 1 harta, kekayaan.  2 alat (-alat), cara."
meant,"lih  MEAN kkt., kki."
meantime,kb. in the m. dalam pada itu.
meanwhile,"kb. sementara itu, dalam pada itu."
measles,"kb. campak, cacar air."
measly,ks. Inf.: sangat sedikit/kecil.
measure,"kb. ukuran. 2 tindakan, langkah. 3 Law. undang-undang. 4 takaran (of liquid). 5 Mus.: (irama) ketukan. 6 kadar. -kkt. 1 mengukur. 2 mengadu.  -measuredks. teratur. measuring cup cangkir takaran."
measurement,kb. ukuran.
meat,"kb. 1 daging. m. grinder penggiling daging. 2 isi. m. and drink makanan dan minuman. m. ball a) bulatan-bulatan daging, bakso. b) Sl.: (person) orang yang membosankan."
meaty,ks. berisi.
mecanism,kb. 1 alat (mekanik). 2 mesin. 3 (defense) mekanisme. 4 peralatan (of the body).
mecca,kb. Mekah. New York City is a m. for tourists Kota New York ramai dikunjungi wisatawan.
mechanic,"kb. montir, ahli mesin."
mechanical,"ks. 1 yang berhubungan dengan mesin.  m. evice alat-alat mesin. 2 seperti mesin. His reading is m. Ia membaca seperti mesin, tanpa perasaan. -mechanically kk. dengan mesin."
mechanics,"kb. 1 ilmu mekanika, ilmu tentang mesin. 2 seluk-beluk mekanis."
mechanization,kb. mekanisasi.
mechanize,kkt. memekanisasi(kan).
medal,"kb. medali, bintang, bronze m. medali perunggu. M. of Honor Bintang Kehormatan."
meddle,kki. mencampuri. to m. in other people's business mencampuri urusan orang lain.
meddlesome,ks. suka mencampuri urusan orang lain.
media,j. 1 lih  MEDIUM. 2 wasilah.
mediaeval,#NAME?
medial,"ks. ditengah-tengah. in m. position ditengah-tengah, bertempat ditengah."
median,"kb. angka median/penengah, angka yang berada ditengah-tengah. 2 jalur hijau (of a highway). -ks. rata-rata. m. salary gaji rata-rata."
mediate,"kkt., kki. menengahi. to m. a dispute bertindak sebagai penengah dalam sengketa."
mediation,kb. penyelesaian sengketa dengan menengahi.
mediator,"kb. (orang) penengah, pelerai."
medic,kb. 1 Inf.: dokter. 2 Inf.: anggota korps kesehatan angkatan perang.
medical,"ks. yang berhubungan dengan pengobatan, medis. m. books buku-buku kedokteran."
medicament,kb. obat.
medicated,ks. dibubuhi/mengandung obat.
medication,kb. 1 pengobatan. 2 obat.
medicinal,ks. yang berhubungan dengan obat. for m. purposes only semata-mata untuk maksud-maksud pengobatan saja.
medicine,kb. 1 ilmu kedokteran. to study m. belajar kedokteran. 2 obat. to take m. minum obat. m. ball bola untuk latihan kesehatan. m. man dukun.
medico,kb. 1 Inf.: dokter. 2 Inf.: mahasiswa kedokteran.
medieval,ks. pertengahan. m. history sejarah abad pertengahan.
mediocre,"ks. sedang-sedang, cukupan."
mediocrity,kb. (j. -ties) keadaan/sifat sedang.
meditate,kkt. merencanakan. -kki. bersemedi.
meditation,"kb. semedi, meditasi."
mediterranean,kb. Laut(an) Tengah. -ks. M. Sea Laut(an) Tengah.
medium,"kb. (j. -iums, media). 1 cenayang, medium, dukun yang dapat berhubungan  dengan roh. 2 perantaraan. 3 perantara. 4 alat jalur (of communications). -ks. 1 sedang. 2 setengah matang (of boiled aggs, steak). -"
medley,"kb. urut-urutan, rampai-rampi."
meek,"ks. lembut (hati), penurut. -meekly kk. tanpa perlawanan."
meet,"kb. Sport : pertandingan. -ks. pantas -kkt. (met). 1 berjumpa dengan menjumpai (a person, resistance). 2 menjemput (s.o. at the plane). 3 bertemu dengan. 4 memenuhi. 5 membayar. 6 mengalami. 7 mencukupkan, menutup. 8 menemui. 9 mempertemukan."
megacycle,kb. megacycle.
megalomania,kb. penyakit gila yang mengkhayalkan dirinya seperti seorang yang agung dan mulia.
megaphone,"kb. alat pengeras suara, megafon."
melancholic,"ks. murung, sedih, pilu, sayu."
melancholy,"kb. (j. -lies) kemurungan jiwa. -ks. sayu, sedih."
melee,"kb. perkelahian, pergulatan, huru-hara."
mellow,"ks. 1 empuk, merdu, lembut (of tone, voice). 2 masak, matang (of wine). m. apple buah apel yang telah ranum. -kkt. melunakkan, meredakan (o's attitude). -kki. 1 menjadi lunak. 2 menjadi matang (of wine)."
melodious,"ks. merdu, bagai buluh perindu."
melodrama,"kb. sandiwara penuh dengan kejadian-kejadian sedih, tetapi berakhir dengan kegembiraan, sandiwara sensasi."
melodramatic,ks. sensasionil.
melody,"kb. (j.-dies) lagu, nyanyian."
melon,kb. (buah) semangka. Sl.: to cut/split the m. membagi keuntungan.
melt,"kkt. (melted, melted atau molten) 1 (dissolve) melarutkan, melebur. 2 mencairkan (butter, lard). 3 menghalau (fog, mist). 4 meluluhkan (o's heart). -molten ks. dicairkan. -melting ks. yang mencair. m. pot 1 tempat bercampur. 2 wajah percampuran."
mem.,"1 [member] anggota. 2 [memorandum] nota, memorandum."
member,"kb. 1 anggota (of a club). m. of the family anggota keluarga. 2 anggota tubuh (kaki), tangan. 3 suku (of an equation)."
membership,kb. 1 keanggotaan (in dalam). 2 para anggota. 3 jumlah anggota.
membrane,kb. selaput.
memento,"kb. kenang-kenangan, tandamata."
memo,"kb. memo, nota peringatan."
memoir,"kb. laporan ilmiah. 2 riwayat hidup singkat.  -memoirs j. buku kenang-kenangan, riwayat hidup."
memorabilia,kb. sesuatu yang patut dikenang.
memorable,"ks. yang mengesankan, yang patut menjadi kenang-kenangan. m. occasion peristiwa yang patut menjadi kenang-kenangan."
memoranda,lih  MEMORANDUM.
memorandum,kb. (j. memoranda) 1 nota. 2 surat peringatan. 3 catatan pendek.
memorial,"kb. tanda peringatan (seperti patung, tugu, taman dll). m. service upacara peringatan."
memorization,kb. penghafalan.
memorize,kkt. menghafalkan.
memory,"kb. (j. -ries) 1 ingatan, daya ingatan. in the m. of any inhabitant pada ingatan setiap penduduk. 2 kenang-kenangan. pleasant memories kenang-kenangan yang menyenangkan."
men,#NAME?
menace,kb. ancaman.
menagerie,kb. kumpulan binatang liar dikurung didalam kandang.
mend,"kb. tambalan (in a coat).  -kkt. 1 menambal (clothes). 2 mmperbaiki (road, a breach). 3 membetulkan (an error). 4 menisik(i) (socks)."
mendacity,kb. (j. -ties) 1 kebiasaan berdusta. 2 dusta.
menfolk,"kb. j. orang-orang/kaum lelaki, kaum pria."
menial,ks. 1 kasar (of work). 2 rendah (in origin).
meningitis,kb. radang selaput (otak atau sumsum tulang belakang).
menopouse,kb. mati haid.
menstrual,"ks. yang berkaitan dengan haid. m. period waktu haid, waktu datang bulan, sedang mens."
menstruate,"kki. haid, datang bulan, mens, melihat bulan."
menstruation,"kb. haid, kain kotor/cemar, datang bulan."
mental,"ks. 1 yang berkaitan dengan jiwa. m. health kesehatan jiwa. 2 batin, rohaniah. -mentally kk. rohaniah."
mentality,"kb. (j. -ties) daya otak, kapasitas mental, mentalitas."
mention,kb. sebutan. honorable m. sebutan terhormat. -kkt. 1 menyebutkan. 2 mengatakan. not to m. belum lagi.
mentor,kb. penasehat.
menu,"kb. daftar makanan, menu."
meow,kb. ngeong. -kki. mengeong. -kseru. meong.
mercantile,ks. yang berhubungan dengan perdagangan. m. law undang-undang perniagaan/niaga
mercenary,kb. (j. -ries) prajurit upahan. m. army tentara upahan tentara sewaan. -ks. mata duitan. for m. reasons dengan alasan mencari uang/keuntungan.
merchandise,kb. barang dagangan.
merchant,"kb. saudagar, pedagang. m. fleet/marine armada niaga."
merciful,ks. bermurah hati.
merciless,"ks. tak kenal ampun, tanpa kasihan."
mercurochrome,"kb. mercurokhrom, obat merah."
mercury,"kb. 1 air raksa (dalam termometer). 2 derajat, suhu. The m. dropped last night. Suhu turun semalam. 3 M. bintang Utarid."
mercy,"kb. (j. -cies) 1 kemurahan hati. 2 belaskasihan, rahmat, kerahiman. to have m. on mengasihani, merahimi."
mere,"ks. belaka. m. oversight kekhilafan belaka. -merely kk. hanya, belaka. She m. smiled  Dia tersenyum saja."
merge,"kkt. menggabungkan, memfusikan. -kki. bergabung, berfusi. merging traffic pergabungan lalu lintas."
merger,"kb. penggabungan, fusi."
meridian,kb. garis bujur.
merit,"kb. 1 kebaikan, jasa. to go into the merits of a proposal memperhitungkan kebaikan/segi baik dari sesuatu usul. 2 guna, manfaat (of a plan). -kkt. pantas, patut. to m. s.t. for  memang pantas mendapatkan sesuatu karena."
meritorious,"ks. 1 berjasa. m. service pengabdian yang berjasa. 2 berfaedah, bermanfaat."
mermaid,"kb. puteri laut, bintu'l-bahar."
merriment,"kb. bersuka-ria, keriangan."
merry,"ks. gembira, sukaria. the more the merrier lebih banyak (orang) lebih suka-ria. Merry-go-round kb. korsel, komidi putar."
merrymaking,"kb. bersenang-senang, bersukaria, bergembira."
mesh,"kb. (mata) lubang (of a screen). m. of a net mata jala. -kkt. menghubungkan (o's activities/plans with). -kki. saling menangkap, bertautan (of gears)."
mesmerize,"kkt. mempesonakan, memikat."
mess,"kb. 1 ruang makan. m. hall kantin, ruang makan. 2 barang-barang yang kotor dan berantakan. -kkt. 1 mengotori. 2 mengacaukan."
message,kb. 1 pesan. May I take a m.? Ada pesan yang dapat saya sampaikan ? 2 warta/perintah suci.
messenger,"kb. pesuruh, kurir."
messiah,kb. 1 imam Mahdi. 2 al-Maseh.
messiness,kb. keadaan berantakan.
messrs.,lih  MISTER.
messy,"ks. morat-marit (of a room). 2 kotor (of hands, clothes)"
met,lih  MEET.
metabolism,kb. metabolisme.
metal,"kb. logam, metal. sheet m. baja lembaran. m. foundry penuangan metal. m. shears gunting logam."
metallurgical,ks. yang berhubungan dengan metalurgi. m. engineering teknik metalurgi.
metallurgy,kb. metalurgi.
metamorphosis,kb. (j. -oses) perubahan bentuk.
metaphor,"kb. metafora, kiasan."
metaphysic,kb. metafisika.
metathesis,kb. (j. -eses) metatesis.
mete,kkt. membagikan (out punishment).
meteor,"kb. cirit bintang, meteor."
meteoric,ks. sangat cepat (rise).
meteorite,kb. batu bintang.
meteorological,ks. yang berhubungan dengan meteorologi. m. service jawatan meteorologi/cuaca.
meteorology,"kb. meteorologi, ilmu cuaca."
meter,kb. 1 meter (ukur). 2 meteran. water m. meteran air. 3 Lit.: matra (irama).
meterman,kb. (j. -men) pemeriksa meteran.
method,"kb. metode, cara. There's m. in her madness Dia punya cara dan pemikiran yang kelihatannya tolol, tapi sebenarnya pintar."
methodical,ks. metodis.
methodist,kb. Metodis.
methodological,ks. secara metodologi.
methodology,kb. (j. -gies) metodologi.
meticulous,"ks. sangat teliti, cermat sekali."
metre,#NAME?
metric,ks. metrik. m. sysrem sistem metrik.
metrical,"ks. metris, berirama, yang berhubungan dengan matra."
metrics,"kb. ilmu irama lagu, ilmu tentang meter."
metronome,"kb. alat yang dipakai untuk menentukan kecepatan irama lagu dalam bermain musik, metronom."
metropolis,kb. (j. -ises) kota besar.
metropolitan,ks. yang berhubungan dengan kota besar. m. New York kota besar New York.
mettalic,ks. seperti logam.
mettle,"kb. keberanian, semangat. This task put me on my m. Tugas ini menjadikan saya bersemangat."
mew,kki. (me)ngeong.
mex.,[Mexico] Meksiko.
mexican,"kb., ks. orang Meksiko."
mezzanine,kb. loteng tengah (di hotel atau gedung).
miaow,#NAME?
miasma,kb. racun yang keluar dari tanah/rawa.
mica,kb. mika.
mice,lih  MOUSE.
microbe,kb. kuman.
microcosm,kb. dunia/kehidupan kecil.
microfilm,kb. mikrofilm. -kkt. membuat mikrofilm.
microorganism,kb. jasad renik.
microphone,"kb. mikropon, corong."
microscope,kb. mikroskop.
microscopic,ks. sangat kecil sekali.
mid,ks. pertengahan. m. vowel vokal pertengahan.  mid-air ks. di udara. in mid-flight dalam penerbangan.
midair,kb. in m. di udara. The discussion was left in m. Perundingan itu disudahi tanpa memperoleh hasil.
midday,kb. tengah hari.
middle,kb. 1 pinggang. 2 pertengahan. -ks. setengah. middle-aged ks. (berumur) setengah tua. middle-class ks. kelas menengah. middle-of-the-road ks. moderat.
middleman,"kb. (j. -men) makelar, perantara, tengkulak."
middleweight,kb. Box : kelas ringan utama.
middling,"ks. 1 sedang (dalam ukuran), cukupan. 2 biasa, sedang-sedang."
midget,"kb. orang kerdil, cebol."
midnight,kb. tengah malam. to burn the m. oil belajar/bekerja sampai jauh malam.
midriff,kb. 1 sekat rongga badan. 2 bagian muka badan.
midshipman,kb. (j. -men) teruna/mahasiswa pada Akademi Angkatan Laut A.S.
midst,kb. tengah-tengah. in over m. ditengah-tengah kita. to be in  the m. of writing sedang tengah menulis.
midstream,kb. tengah-tengah sungai.
midtown,kb. pusat kota.
midway,kb. 1 pertengahan jalan. 2 tempat hiburan atau pertunjukan-pertunjukan di pameran. -kk. di pertengahan. I live in between... Saya tinggal di pertengahan jalan antara...
midweekly,"ks., kk. tengah mingguan."
midwife,"kb. bidan, dukun beranak."
midyear,ks. tengah tahunan.
mien,"kb. sikap, air muka, rupa, wajah."
miff,kkt. menjengkelkan hati.
might,"kb. kekuatan, tenaga. M. does not make right Kuat tak berarti benar."
mighty,ks. kuat. m. king raja kuat. -kk. Inf.: 1 sangat. a m. fine girl seorang yang sangat manis.  2 hebat. a m. good salesman penjual yang hebat sekali. -mightily kk. dengan kuat.
migraine,"kb. m. headache sakit kepala yang berat pada sebelah kepala, kepialu, migren."
migrant,"kb. orang atau burung yang pindah. m. worker pekerja pengembara, pekerja yang berpindah, pekerja pendatang."
migrate,"kki. berpindah tempat, berboyong, memboyong."
migration,"kb. migrasi, perpindahan tempat."
migratory,ks. berpindah. m. instinct naluri berpindah tempat (pada burung-burung). m. worker pekerja yang (suka) berpindah tempat.
mike,"kb. Inf.: mikropon, corong."
mil.,[military] militer.
mild,"ks. mendingan, sejuk (of climate or weather). 2 ringan (of cigarette). m. beer bir ringan. 3 sedikit. m. headache sakit kepala sedikit. 4 enteng (of box, bag). mild-mannered ks. yang berwatak halus/lembut. -mildly kk. agak, sedikit."
mildew,"kb. jamur, lumut. -kki. berjamur, melapuk."
mildness,"kb. keringanan, kelembutan, kehalusan."
mile,kb. mil.
mileage,kb. jarak mil.
milestone,"kb.1 kejadian yang penting, batu peringatan. 2 tonggak bersejarah."
milieu,kb. lingkungan pergaulan
militancy,kb. nafsu berkelahi/berperang.
militant,kb. orang militan/agresip. m. leadership pimpinan yang militan.
militarist,kb. orang yang percaya dalam organisasi dan kekuatan ketentaraan yang sangat kuat.
military,"kb. temtara. -ks. militer, ketentaraan, kemiliteran. m. academy  akademi militer. -militarily kk. dari segi kemiliteran."
militate,"kki. to m. against menghalang-halang, melawani."
militia,"kb. milisi, wamil."
milk,"kb. susu.  -kkt. 1 memerah, memeras susu (cow). 2 memeras (information from s.o.). -milking kb. pemerahan."
milker,kb. 1 tukang susu. 2 alat pemerah.
milkman,kb. (j. -men) tukang/pengantar susu.
milksop,kb. orang yang tidak bersemangat.
milky,ks. seperti  susu. M. Way Bimasakti.
mill,"kb. 1 penggilingan, gilingan. coffee m. gilingan kopi. 2 paberik. sugar m. pabrik gula. 3 pemintalan. cotton m. pemintalan kapas. -kkt. menggiling. -kki. to m. about/around bergerak secara ramai. -milling kb. (perusahaan) penggilingan."
millennium,"kb. (j. -nia, -iums) masa seribu tahun."
miller,"kb. penggilingan, tukang giling."
millet,kb. semacam padi-padian.
milligram,kb. miligram.
millimeter,kb. milimeter.
millinery,kb. (j. -ries) perusahaan topi wanita.
million,kb. juta. I have a m. things to do Pekerjaan saya luar biasa banyaknya. Inf.: He's one in a m. Dia seorang yang tak ada taranya.
millionaire,kb. jutawan.
millionth,ks. yang kesejuta.
millstone,kb. (batu) gerinda.
milquetoast,"kb. seorang lemah, kurang tegas/berani."
mime,"kb. 1 badut, pelawak. 2 pembadutan. -kkt. meniru-niru."
mimeograph,"kb. mesin stensil. -kki. menstensil, meroneo. mimeographing machine mesin stensil."
mimic,"kb. pemain mimik. -kkt. meniru-niru, memimikkan."
mimicry,kb. (j. -ries) cara menirunya.
min.,[minute] menit.
minaret,kb. menara.
mince,"kb. daging halus yang dicencang. -kkt. mengiris, memotong-motong (meat)."
mincemeat,"kb. daging cincang bercampur buah apel, kismis, rempah-rempah dll."
mind,"kb. 1 pikiran. 2 akal. 3 ingatan. -kkt. 1 menjaga (a store, a child). 2 mengingat-ingat, memperhatikan (o's words). 3 patuh kepada. 4 menghiraukan (hot weather). -kki. 1 hati-hati. 2 patuh. m. reader orang yang dapat membaca isi hati orang."
mindful,ks. sadar (of akan). 2 berhati-hati.
mine,"kb. 1 (coal) tambang. 2 Mil.: ranjau, periuk api. 3 sumber (of information). -kg. milikku, kepunyaanku. -kkt. 1 menambang (coal). 2 memasang ranjau. -mining kb. 1 pertambangan. 2 peranjauan (of a harbor). 3 penambangan (of tin)."
miner,kb. buruh tambang.
mineral,"kb. barang tambang, mineral, bahan galian. m. oil pencahar, obat pencuci perut. m. water air mineral."
mineralogy,kb. mineralogi.
minesweeper,kb. kapal penyapu ranjau.
mineworker,kb. buruh tambang.
mingle,"kki. bercampur, bergaul (with dengan)."
miniature,kb. miniatur. -ks. kecil. m. camera kamera kecil.
minimal,ks. paling sedikit/rendah.
minimize,"kkt. 1 meremehkan (a problem). 2 memperkecil (dispute, trouble)."
minimum,"kb. minimum. Rain has been at a m. Hujan mencatat angka paling rendah. -ks. paling rendah, terendah. m. wage upah paling rendah."
minion,"kb. kaki tangan, antek."
miniskirt,kb. rok mini.
minister,"kb. 1 Rel.: pendeta. 2 (foreign service) duta (besar). 3 menteri (of Defense). -kki. melayani, meladeni (to s.o's needs)."
ministerial,ks. 1 Rel.: mengenai kependetaan. 2 mengenai kementrian.
ministry,"kb. (j. -ries) 1 kementrian, departemen. 2 Rel.: jabatan sebagai pendeta."
mink,kb. 1 semacam cerpelai. 2 bulu binatang cerpelai.
minn.,[Minnesota] negarabagian A.S.
minnow,kb. semacam ikan yang amat kecil.
minor,"kb. 1 orang yang belum dewasa. 2 Acad.: pelajaran tambahan. -ks. 1 kecil (surgery, accident). 2 minor. m. key nada minor. -kki. to m. in mengambil pelajaran tambahan dalam."
minority,kb. (j. -ties) 1 minoritas. 2 golongan kecil. m. report laporan golongan kecil.
mint,"kb. 1 permen. mints j. gula-gula permen. 2 arta yasa, percetakan uang logam. -kkt. 1 mencetak (money). 2 membentuk, menciptakan (a phrase)."
minus,ks. kurang. A - A kurang. -kd. 1 kurang.  2 kekurangan.
minuscule,"ks. amat kecil, kerdil sekali."
minute,"kb. menit.  ten minutes to eight jam delapan kurang sepuluh menit. -minutes j. notilen, laporan. m. hand jarum panjang."
miracle,"kb. 1 keajaiban. 2 kekuatan gaib. m. drug obat manjur, antibiotika."
miraculous,"ks. ajaib, yang menakjubkan."
mirage,"kb. khayalan belaka, pembayangan udara."
mire,kb. lumpur (yang lembut dan dalam). -kkt. menjadikan terperosok. The truck was mired in mud Truk itu terperosok kedalam lumpur.
mirror,kb. cermin. m. image bayangan (terbalik). -kkt. mencerminkan (o's view). The trees  mirrored in the water Pohon-pohon itu terbayang didalam air itu.
mirth,"kb. keriangan, kegembiraan."
misadventure,"kb. kesialan, kecelakaan, nasib celaka."
misadvise,kkt. memberi petunjuk yang salah.
misanthrope,kb. orang yang benci kepada orang.
misapply,kkt. (misapplied) menyalahgunakan.
misapprehension,kb. salah pengertian. to be under some m. ada dibawah/didalam sesuatu salah pengertian.
misappropriate,"kkt. menyalahgunakan, menggelapkan, menyelewengkan."
misappropriation,"kb. penyalahgunaan, penyelewengan, penggelapan."
misbehave,"kki. berbuat jahat, berlaku tak pantas."
misbehavior,kb. kelakuan yang buruk/jahat.
miscalculate,"kkt., kki. keliru perhitungan, salah hitung."
miscalculation,kb. kesalahan hitung.
miscarriage,kb. 1 keguguran (kandungan). 2 kegagalan (of justice).
miscarry,kki. (miscarried) 1 keguguran. 2 gagal (of plans).
miscast,kkt. salah pilih.
miscegenation,kb. perkawinan antara suku atau bangsa.
miscellaneous,"ks. bermacam-macam, berapa macam, serbaaneka."
miscellany,"kb. (j. -nies) varia, puspagaram, bungarampai."
mischance,"kb. nasib buruk, kesialan."
mischief,"kb. 1 kejahatan, kenakalan. 2 kerusakan. to get into m. bertengkar, berkelahi.  mischief-maker pengacau, tukang recok."
mischievous,"ks. nakal, merecok, jahat."
miscomprehension,"kb. salah tampa, kesalahpahaman."
misconception,kb. salah paham.
misconduct,"kb. kelakuan tidak senonoh, perbuatan jahat."
misconstrue,kkt. salah mengerti/menanggapi.
miscount,kb. salah hitung. -kki. salah menghitung.
miscue,"kb. 1 pukulan yang salah. 2 kesalahan, kekeliruan."
misdeed,"kb. kelakuan yang tak senonoh, kelakuan buruk."
misdemeanor,"kb. pelanggaran hukum (yang ringan), pidana enteng, tindak-pidana yang tergolong ringan."
misdirect,kkt. mengarahkan ke jurusan yang salah.
miser,kb. orang kikir/pelit.
miserable,"ks. 1 tidak senang. 2 yang menyedihkan. 3 miskin, sengsara. -miserably kk. sangat buruk, tidak keruan."
miserly,"ks. kikir, pelit."
misery,kb. (j. -ries) kesengsaraan. to put an animal out of its m. membunuh seekor binatang.
misfire,kki. 1 macet (of a gun). 2 gagal.
misfit,"kb. orang yang canggung, orang yang tak dapat mencocokkan diri."
misfortune,kb. kemalangan.
misgiving,kb. perasaan was-was/kuatir.
misguided,"ks. tersesat, salah jalan."
mishandle,kkt. 1 menyalahgunakan (funds). 2 menganiaya (seseorang).
mishap,kb. kecelakaan.
mishear,"kkt., kki. salah mendengar."
misinform,kkt. memberi keterangan yang salah.
misinformation,kb. keterangan yang salah.
misinterpret,kkt. salah menafsirkan.
misinterpretation,"kb. salah-tafsir, kesalahan menafsirkan."
misjudge,kkt. 1 salah menilai. 2 salah dalam mengadili.
mislaid,lih  MISLAY.
mislay,kkt. (mislaid) salah meletakkan/menaruhkan.
mislead,kkt. (misled) menyesatkan. -misleading ks. yang menyesatkan.
misled,lih  MISLEAD.
mismanage,kkt. salah mengurus.
mismanagement,kb. salah urus.
mismatch,kb. pertandingan yang tidak sebanding. -kkt. tak sebanding/sepadan.
misname,kkt. salah memberi nama.
misnomer,kb. 1 nama yang salah. 2 istilah yang tak cocok.
misogyny,kb. kebencian terhadap wanita.
mispelt,lih  MISSPELL.
misplace,kkt. salah menaruhkan. misplaced trust kepercayaan yang salah letak.
mispronounce,mispronounce
mispronunciation,kb. salah ucap(an).
misquote,kkt. salah mengutip.
misread,kkt. (misread/misred/) salah membaca.
misrepresent,"kkt. salah dalam menggambarkan. to m. the facts berbuat salah dalam mengemukakan kenyataan-kenyataan, mengemukakan kenyataan-kenyataan yang tidak benar."
misrepresentation,kb. penggambaran/penyajian yang keliru.
misrule,"kb. pemerintahan  yang salah, salah-atur."
miss,kb. nona.  -kkt. 1 tidak menangkap (a ball). 2 merindukan (a loved one). 3 salah menanggapi (the point). 4 tidak mendengar (s.o's name). 5 absen (a class). 6 tak menjumpai. 7 melalaikan. 8 kehilangan. 9 tidak dapat. -missing ks. yang lepas.
miss.,[Mississippi] negara bagian A.S.
misshapen,ks. berbentuk yang tidak serasi.
missile,"kb. peluru, proyektil, misil. m. site tempat peluncuran peluru. guided m. peluru kendali."
mission,"kb. 1 tugas. What's your m. in life ? Apa tugasmu dalam hidup ini ? 2  perutusan, utusan (U.N.). 3 misi (church)."
missionary,"kb. kb. (j. -ries) 1 utusan/pekabar injil. 2 (Islam) da'iyah, muallim, penganjur."
missionize,kkt. mendakwahkan.
missouri,kb. Inf.: I'm from M. Saya skeptis.
misspeak,"kkt., kki. (misspoke, misspoken) 1 salah bicara. 2 salah ucap."
misspell,kkt. (misspelled atau misspelt) salah mengeja. -misspelling kb. salah ejaan.
misspent,"ks. dibuang-buang, salah dipergunakan."
misspoke(n),lih  MISSPEAK.
misstate,kkt. salah mengutarakan (the case).
misstatement,kb. pernyataan yang salah.
misstep,"kb. langkah/perbuatan salah, kesalahan."
mist,"kb. halimun. -kki. berkabut, ada kabut."
mistake,"kb. kesalahan, kekeliruan. It was my m. Saya yang bersalah. -kkt. (mistook, mistaken) salah mengira. I mistook him for his brother Saya kira dia abangnya. -mistaken ks. keliru, salah."
mistaken,lih  MISTAKE.
mister,"kb. (j. messrs.)  1 tuan, saudara.  -Meassrs j. Tuan-tuan."
mistook,lih  MISTAKE.
mistranslate,kkt. salah menterjemahkan.
mistranslation,kb. terjemahan yang salah.
mistreat,kkt. menganiaya.
mistreatment,kb. penganiayaan.
mistress,"kb. 1 nyonya rumah. 2 kekasih, gundik. 3 nyonya. the dog's m. nyonya pemilik anjing."
mistrial,kb. pengadilan yang salah.
mistrust,"kb. kecurigaan, ketidakpercayaan. -kkt. mencurigai, tidak mempercayai."
misty,"ks. berkabut. misty-eyed ks. sedih, bermata kuyu/luyu."
misunderstand,"kkt. (misunderstood) salah mengerti, keliru menangkap/memaham. -misunderstanding kb. salah paham."
misunderstood,lih  MISUNDERSTAND.
misuse,kb. penyalahgunaan. -kkt. menyalahgunakan.
mite,"kb. 1 sedikit sekali. to give o's m. to memberikan serba  sedikit kepada. 2 tungau, tengu. -kk. Inf.: agak."
mitigate,"kkt. meredakan, mengurangi."
mitigation,"kb. peringanan, kelonggaran."
mitten,kb. sarung tangan.
mix,"kb. adonan, campuran (of cake). -kkt. 1 mencampurkan (chemicals, a salad). 2 membuat adonan (cake). 3 mengawinkan (flower seeds). mix-up kb. kekacauan, kesimpang-siuran. -mixed ks. 1 bercampur. 2 macam-macam. mixed-up ks. bingung."
mixer,kb. 1 alat pencampur listrik. 2 seorang yang pandai bergaul. 3 pesta perkenalan.
mixture,kb. campuran.
mm.,[millimeter] milimeter.
mnemonic,ks. yang membantu ingatan/menghafal.
mo.,[month(s)] bulan.
moan,"kb. suara mengerang, rintihan. -kki. mengerang, merintih, mengeluh."
moat,kb. parit (dikelilingi benteng).
mob,"rakyat banyak, gerombolan orang banyak. -kkt. (mobbed) mengepung, mengerumuni. m. rule hukum rimba."
mobile,"ks. 1 cempala, aktip, giat, gesit, ringan tangan. 2 mobil. Americans are very m. Orang-orang Amerika suka berpindah-pindah tempat."
mobility,"kb. (j. -ties) gerakan, mobilitas. m. of society mobilitas masyarakat."
mobilization,"kb. moblisasi, pengerahan."
mobilize,kkt. mengerahkan.
moccasin,kb. sepatu sandal (bangsa Indian).
mock,"ks. tiruan, pura-pura, ejekan. m. trial pengadilan pura-pura. -ks. ecek-ecek. -kkt. mentertawakan, memperolok-olokkan. mock-up kb. maket, contoh bikinan. -mocking ks. menghina, mengejek."
mockery,"kb. (j. -ries) olok-olok, penghinaan, ejekan."
modal,ks. yang berhubungan dengan perasaan. Gram. m. auxiliary kata-bantu pengandaian.
mode,"kb. cara, mode. m. of payment cara pembayaran. subjunctive m. cara andai."
model,"kb. 1 Cloth.: peragawati. 2 model.  3 contoh, teladan. 4 merek (of car). -kkt. memperagakan (clothes) to m. o.s. after/on meniru, mengikuti jejak. -modeling kb. pekerjaan peragawati, keperagawatian."
moderate,"kb. orang moderat, orang yang  lunak. -ks. 1 layak, yang sekedarnya (of profit). 2 cukupan. 3 sedang (size, meal). 4 moderat, lunak. -kkt. mengetuai (a meeting). -kki. menjadi mendingan. -moderately kk. sedang, cukupan."
moderation,"kb. sikap sedang, sikap tidak berlebih-lebihan. in m. tidak berlebih-lebihan, secara terbatas."
moderator,"kb. 1 ketua (of meeting). 2 pelerai, penengah (of dispute)."
modern,kb. orang yang modern. -ks. moder(e)n. m. house rumah yang modern.
modernistic,ks. model baru (of house).
modernity,"kb. kemodernan, modernisasi, pembaharuan, pemodernan."
modernize,"kkt. memodernisasi(kan), memoderenkan."
modest,"ks. 1 rendah hati, sederhana (in o's attitude). 2 sedang (of income). 3 sopan. -modestly kk. 1 sederhana. 2 dengan rendah hati."
modesty,"kb. (j. -ties) 1 kesederhanaan, kerendahan hati. 2 kesopanan."
modicum,kb. jumlah kecil. with a m. of effort dengan sedikit usaha.
modification,"kb. modifikasi, perubahan."
modifier,kb. Gram.: kata yang menentukan sifat.
modifies,lih  MODIFY.
modify,"kkt. (modified) 1memodifikasi, mengubah (plans). 2 membatasi (a noun). 3 mengurangi (o's demands)."
modulate,"kkt. mengatur, memodulasi."
modulation,kb. modulasi.
module,kb. modul.
mohammedanism,kb. agama Islam.
moist,ks. basah.
moisten,"kkt. membasahkan (a rag, sponge). Her eyes moistened Air matanya berlinang."
moisture,"kb. embun(an), uap lembab."
moistureproof,ks. tahan lembab.
molar,kb. geraham.
molasses,"kb. ceng, sirop gula, tetes."
mold,"kb. 1 cetakan (for cookies). 2 jamur (on books). -kkt. 1 membentuk (character). 2 mencetak, membentuk (dough). -molding kb. papan hias tembok."
moldy,"ks. 1 apak (of odor). 2 berjamur, bulukan (of food)."
mole,kb. 1 tahi lalat. 2 Fauna : tikus mondok.
molecular,ks. yang berhubungan dengan molekul. m. weight berat molekul.
molecule,kb. molekul.
molehill,kb. onggokan tanah yang dibuat oleh tikus mondok. to make a mountain out of a m. sekepal menjadi gunung.
molest,"kkt. menganiaya, mengganggu."
molestation,"kb. penganiayaan, gangguan."
mollifies,lih  MOLLIFY.
mollify,"kkt. (mollified) meredakan, mengamankan."
mollusk,kb. kerang-kerangan.
molotov,kb. Sl.: M. cocktail granat bensin.
molt,kki. berganti bulu atau kulit.
molten,lih  MELT.
moluccas,"kb., j. Maluku."
mom,"kb. Inf.: bu, mami."
moment,"kb. 1 saat, momen. the right m. saat yang tepat.  2 sebentar. One m. ! Wait a m. ! Tunggu sebentar ! 3 waktu. at a moment's notice sewaktu-waktu, kapan saja."
momentary,ks. sebentar. to show m. hesitation menunjukkan keragu-raguan sebentar. -momentarily kk. sebentar lagi.
momentous,kb. penting. m. occasion peristiwa yang penting.
momentum,"kb. 1 daya gerak, kepesatan. 2 semangat."
monarch,kb. raja.
monarchy,kb. (j. -chies) kerajaan.
monastery,kb. (j. -ries) biara.
monastic,ks. yang berhubungan dengan biara. m. order golongan biarawan/biarawati.
monday,kb. (hari) Senin/Senen.
monetary,ks. moneter. m. value harga moneter. m. unit kesatuan moneter.
money,kb.  1 uang. 2 untung. m. box tabung(an). m. mad mata duitan. money-maker orang/barang yang mendatangkan banyak uang.  money-making  ks. yang mendatangkan uang. m. order poswesel.
moneychanger,kb. penukar uang.
moneyed,"ks. beruang, berada, kaya."
moneygrubber,"kb. buaya uang, mata duitan."
moneylender,"kb. cety, lintah darat."
mongoose,"kb. semacam musang, luwak."
mongrel,kb. anjing bastar/kampung. 2 orang bastar.
monitor,kb. 1 murid yang membantu menjaga kerapian kelas dan mengambil absensi. 2 penerima/pencatat/ pendengar siaran-siaran radio/TV/ telepon. -kkt. menangkap (broadcasts).
monk,"kb. rahib, biarawan."
monkey,"kb. kera, monyet. Inf.: to make a m. out of s.o. memperolok-olokkan seseorang, menjadikan seseorang sasaran olok-olok. -kki. Inf.: mempermain-mainkan. Sl.: m. business kenakalan, penipuan, tipu- muslihat. m. wrench kunci Inggeris."
monkeyshine,"kb. Sl.: tipu daya, lelucon."
monochrome,kb. satu warna.
monogamous,ks. yang berhubungan dengan monogami.
monogamy,kb. monogami.
monogram,"kb. monogram, lukisan huruf."
monograph,"kb. risalah, karang (ilmiah), monografi."
monolingual,ks. satu bahasa.
monolithic,ks. monolitis.
monologue,kb. bicara sendiri.
mononucleosis,kb. penyakit karena klintir darah putih yang abnormal.
monopolistic,ks. yang bersifat monopoli. m. practices praktek-praktek monopoli.
monopolize,"kkt. memonopoli (trade, s.o.'s time)."
monopoly,kb. (j. -lies) monopoli.
monorail,kb. kereta-api/rel tunggal.
monosyllabic,ks. bersuku satu.
monosyllable,kb. kata bersuku satu.
monotheism,kb. monotheisme.
monotone,kb. nada yang datar/sama.
monotonous,ks. yang membosankan.
monotony,kb. sifat yang membosankan.
monoxide,kb. monoksid.
monsoon,kb. 1 angin musim. 2 musim  hujan.
monster,kb. 1 raksasa. m. demonstration demonstrasi raksasa/besar-besaran. 2 binatang ganjil. He's a m. when he gets mad Dia menakutkan sekali kalau marah.
monstrosity,"kb. (j. -ties) barang ganjil, benda yang aneh sekali bentuknya."
monstrous,ks. 1 besar sekali (of a person or thing). 2 dahsyat.
mont.,[Montana] negara bagian A.S.
month,kb. bulan. m. of June dalam bulan Juni.
monthly,kb. (j. -lies) (majalah) bulanan. -ks. tiap-tiap bulan. m. magazine majalah bulanan. m. meeting rapat bulanan.
monument,"kb. 1 tugu, monumen. 2 karya besar."
monumental,ks. sangat besar. m. task tugas yang amat besar. m. work karya yang penting.
moo,"kb. uak, wak. -kki. menguak, melenguh."
mooch,kki. Sl.: meminta-minta (off kepada).
mood,"kb. 1 keadaan jiwa, suasana hati. He's in a bad m. Dia sedang murung hatinya. 2 Gram.: modus."
moodiness,"kb. kemurungan, kemasgulan hati."
moody,ks. suka murung.
moon,"kb. bulan, rembulan. full m. bulan purnama. -kki. mundar-mandir tak tentu arah. m. landing pendaratan di bulan. m. probe roket penyelidik bulan."
moonbeam,kb. cahaya bulan.
moonlight,"kb. sinar bulan. m. night malam terang bulan. -kki. Inf.: bekerja sambilan, ngobyek."
moonlit,ks. terang bulan.
moonshine,kb. Inf.: minuman keras yang dibuat secara gelap.
moor,kkt. menambatkan. -kki. menambat. -mooring kb. tambatan. The moorings snapped Tambatan kapal itu putus.
moose,kb. rusa besar.
moot,ks. yang dapat diperdebatkan. m. point soal yang dapat diperbincangkan.
mop,"kb. 1 (alat) pengepel. 2 ragbol. -kkt. (mopped) 1 mengepel (the floor). 2 menyapu/menghapus (o's brow). to m. up 1 membersihan (milk, water). 2 mengadakan pembersihan (of troops). mop-up kb. pembersihan (terhadap sisa-sisa)."
mope,kki. bermuram (durja).
moral,"kb. moral, akhlak. -morals j. akhlak. -ks. moril. -morally kk. secara moril, dari segi kesusilaan."
morale,"kb. moril, semangat juang."
morality,"kb. (j. -ties) kesusilaan, moralitas."
moralize,"kki. memoralisasikan, memperbincangkan soal salah-benar. -moralizing kb. khotbah, pidato."
morass,"kb. 1 paya, rawa. 2 (bureaucratic) kekacau-balauan."
moratorium,"kb. penundaan, pertangguhan."
morbid,"ks. 1 abnormal, tidak wajar (curiosity). 2 tak sehat/waras (personality). 3 yang mengerikan. m. details hal-hal kecil-kecil yang mengerikan."
more,"kb. buah lagi. I need two m. Saya perlu dua lagi. -ks. 1 lagi. 2 lebi banyak. -kk. lebih. once m. sekali lagi. m. and m. semakin, kian lama... kian. m. or less kurang lebih."
moreover,"kk. selain itu, lagi pula, tambahan lagi."
mores,"kb., j. adat-istiadat."
morgue,kb. rumah mati.
moribund,"ks. hampir mati, hampir menemui ajal, senen-kemis."
morning,kb. pagi. Good m. ! Selamat pagi !  in the m. a) pada pagi hari. b) besok pagi. m. prayer sembahyang subuh. m. sickness muak di waktu pagi (tanda hamil). m. star bintang timur.
moron,"kb. orang pandir/tolol, si bendul."
moronic,ks. pandir.
morose,"ks. muram, murung."
morpheus,kb. in the arms of M. sedang enak-enak tidur.
morphine,kb. morfin.
morphology,"kb. (j. -gies) morfologi, ilmu bentuk kata."
morse,kb. M. code kode/sandi Morse.
morsel,"kb. butir, potong."
mortal,kb. makhluk hidup. -ks. 1 yang mematikan. m. blow pukulan yang mematikan. 2 besar sekali. m. terror ancaman yang  besar sekali. -mortally kk. yang menuju kematian.
mortality,"kb. (j. -ties) 1 kematian, pemanutan, mortalitas. m. rate angka kematian. 2 kemungkinan kematian."
mortar,"kb. 1 (gun) mortir. 2 adukan semen. 3 lesung, lumpang. m. and pestle alu dan lumpang, penumbuk dan lesung."
mortarboard,kb. topi mahasiswa.
mortgage,kb. hipotek. -kkt. 1 menghipotekkan (a house). 2 menggadaikan (o's soul)
mortician,kb. pemilik perusahaan pemakaman.
mortification,"kb. 1 malu, aib. 2 kebekuan pembuluh/syaraf di tubuh."
mortified,lih  MORTIFY.
mortifies,lih  MORTIFY.
mortify,"kkt. (mortified) 1 membuat malu, memalukan. 2 Med.: kena kelemayuh."
mortuary,kb. (j. -ries) rumah/kamar mayat.
mos.,[months] bulan-bulan.
mosaic,"kb. mosaik, kepingan batu."
moslem,"kb. orang Islam, Muslim. the M. world dunia Islam."
mosque,kb. mesjid.
mosquito,"kb. nyamuk. m. net kelambu. m. netting kain jkelambu, kawat kasa."
moss,kb. lumut.
mossy,ks. berlumut.
most,"kb. sebagian terbesar. m. of his money sebagian terbesar uangnya. -ks. yang terbanyak. -kk. 1 paling. 2 sangat, amat. -mostly kk. kebanyakan."
motel,kb. motel.
moth,"kb. ngengat. m. ball kapur barus. moth-eaten ks. usang,dimakan ngengat (of books, clothes)."
mother,"kb. 1 ibu. my m. ibuku. 2 induk. This is the m. of that kitten Inilah induk anak kucing itu. 3 biang. -kkt. mengasuh (a child). m. country ibu pertiwi, negeri asal. mother-in-law ibu mertua. Mother's Day Hari Ibu. m. ship kapal induk."
motherhood,kb. keibuan.
motherland,"kb. tanah air, tanah tumpah darah, ibu pertiwi."
motherly,ks. dari/seperti ibu. m. affection for kecintaan ibu terhadap.
mothproof,ks. tahan ngengat.
motif,"kb. motif, tema."
motion,"kb. 1 gerakan (of a car, ship). 2 Law : mosi, usul. -kkt., kki. memberi isyarat (dengan tangan, kepala dsb). m. picture gambar-hidup, bioskop. m. sickness mabuk kalau naik mobil dll."
motionless,ks. tak bergerak.
motivate,"kkt. mendorong, menyebabkan. He is simply not motivated Dia jelas belum mendapat perangsang."
motivation,"kb. (peng)alasan, daya batin, dorongan, motivasi."
motive,"kb. alasan, sebab. m. power daya (peng)gerak. -motives j. prayojana."
motley,"ks. 1 aneka-warna, bermacam-macam warna. 2 campuran (of a group)."
motor,"kb. motor, mesin. m. court motel. -kki. naik mobil. motor-driven ks. digerakkan. -motoring kb. bertamasya mengendarai mobil."
motorbike,kb. sepeda motor/kumbang.
motorboat,kb. sekoci/perahu motor.
motorcade,kb. iring-iringan  mobil.
motorcar,"kb. mobil, oto."
motorcoach,kb. bis.
motorcycle,kb. sepeda motor. -kki. bersepeda- motor.
motorcyclist,kb. pengendara sepeda motor.
motorist,kb. pengendara/pengemudi mobil.
motorization,kb. motorisasi.
motorize,kkt. memperlengkapi dengan mesin atau motor. -motorized ks. bermotor.
motorman,kb. (j. -men) masinis trem listerik atau trem dibawah tanah.
motorship,kb. kapal motor.
mottled,"ks. burik, bercorang-coreng."
motto,"kb. motto, semboyan."
mould,#NAME?
mound,"kb. gundukan (tanah), busut, burial m. tumpukan tanah kuburan."
mount,"kb. 1 gunung, puncak. 2 kuda tunggangan. -kkt. 1 menaiki, menunggang (a horse). 2 menyusun (a  program). 3 menempelkan (stamps). 4 menjaga. -kki. naik. -mounting kb. ganjalan/bantalan."
mountain,kb. gunung. m. chain bukit barisan. m. peak/top puncak gunung. m. range pegunungan.
mountaineer,kb. 1 pendaki gunung. 2 penduduk di gunung.
mountainous,ks. 1 bergunung-gunung. 2 besar sekali (of waves).
mountainside,kb. lereng/sisi gunung.
mourn,kkt. berdukacita atas (the loss of s.o.). -kki. berkabung. to m. over berdukacita/belasungkawa/berkabung atas. -mourning kb. perkabungan.
mourner,kb. orang yang berkabung.
mournful,mournful
mouse,"kb. (j. mice) tikus. m. deer kancil, pelanduk."
mousetache,"kb. kumis, brengos, misai."
mousetrap,kb. perangkap tikus.
mouth,mouth
mouthful,kb. sesuap. Sl.: to say a m. mengatakan sesuatu hal yang penting.
mouthwash,kkb. obat/air  kumur.
movable,ks. 1 dapat digerakkan. 2 dapat dipindah-pindahkan.
move,"kb. 1 langkah. 2 giliran (in chess). 3 buang air besar. 4 perpindahan (to Ohio). -kkt. 1 memindahkan (furniture, chessman). 2 menggerakkan hati, mengubah pendirian. 3 membuang, mengeluarkan. 4 mengusul. -moving kb perpindahan."
movement,kb. 1 gerak-gerik. 2 lenggak-lenggok. 3 berak. 4 pergerakan. 5 jalan (of a watch). 6 irama (of a syimphony). Pol.: gerakan.
mover,"kb. tukang boyongan, tukang memindahkan barang-barang."
movie,"kb. gambar hidup, bioskop. Is there a good m. on ? Apakah ada pilem yang baik hari ini ? -movies j. gambar hidup. m. camera kamera pilem. m. theater gedung bioskop."
moviegoer,kb. pencandu/penonton bioskop.
mow,kb. tempat menyimpan padi-padian.
mower,kb. mesin potong rumput.
moxie,kb. 1 Sl.: keberanian. 2 Sl.: ketrampilan.
mp,[Military Police] Polisi Militer.
"mr., mr","[Mister] Tuan. Mr. Chairman. Saudara Ketua. Mr. President Bapak Presiden, Saudara Presiden."
mrs.,[Mistress] 1 Nyonya. 2 Ibu.
"ms,ms",[manuscript] naskah.
ms.,[ = Mrs. atau Miss] Nyonya atau Nona.
"mss,mss",[manuscripts] Naskah-naskah.
mst,[Mountain Standard  Time] Waktu Tolok Gunung.
mt.,[Mount] Gunung.
mtg.,"[meeting] rapat, pertemuan."
much,kb. banyak. There is m. to be done Banyak yang harus dikerjakan. -ks. banyak. -kk. jauh.  much-admired ks. yang mendapat banyak penghargaan. -muchly kk. sangat banyak.
mucilage,"kb. perekat cair, getah."
muck,kb. kotoran.
muckrake,kki. membuka korupsi.
mucous,ks. m. membrane selaput lendir.
mucus,"kb. lendir, getah, ingus."
mud,"kb. lumpur. to throw m. menjelek-jelekkan, memburukkan. m. puddle kobakan."
mudbank,kb. tebing lumpur.
muddle,"kb. kacau(-balau), campuraduk, berantakan. Everything is in a m. Semua kacau-balau. -kki. to m. through mengatasi."
muddy,"ks. 1 berlumpur, becek (of shoes, road). 2 keruh (of water). -kkt. (muddied) mengeruhkan, membecekkan."
mudgard,kb. spatbor.
mudslinger,kb. tukang fitnah.
muff,kb. semacam sarung tangan bulu. -kkt. menyia-nyiakan.
muffin,kb. sejenis kue.
muffler,kb. 1 saringan. 2 selendang.
mug,"kb. 1 mangkuk, piala. beer m. buli-buli bir. 2 Sl.: muka. -kkt. Sl.: (mugged) membegal, menjabal. -mugging kb. penjabalan."
mugger,"kb. Sl.: pembegal, perampok, buaya."
mugginess,kb. kelembaban.
muggy,ks. panas dan lembab.
mulatto,kb. peranakan Negro dengan kulit putih.
mulberry,kb. (j. -ries) bebesaran.
mulch,kb. jerami (yang setengah busuk) dan rumputan (untuk pupuk).
mule,kb. bagal.
mull,"kki. Inf.: memikirkan, mempertimbangkan. to m. s.t. over mempertimbangkan sesuatu."
multicolored,ks. beraneka-warna.
multifaceted,ks. beraneka segi.
multifarious,ks. bermacam-ragam.
multigraph,kb. mesin pencetak. -kkt. mencetak dalam jumlah yang banyak.
multilateral,"ks. lebih-pihak, multilateral."
multilevel,"ks. bersusun, bertingkat-tingkat."
multilingual,ks. berbagai bahasa.
multimillionaire,kb. jutawan besar.
multinational,ks. berbagai bangsa.
multiple,kb. perkalian. lowest common m. kelipatan persekutuan terkecil.
multiplication,kb. perkalian. m. sign tanda kali. m. table daftar darab/perkalian.
multiplicity,kb. (j. -ties) keserbaragaman.
multiplied,lih  MULTIPLY.
multiplier,kb. pengali.
multiplies,lih  MULTIPLY.
multiply,"kkt. (multiplied) 1 mengalikan (two numbers). 2 melipatgandakan. -kki. membiak, berbiak."
multipurpose,ks. serbaguna.
multiracial,ks. bersuku banyak.
multitude,kb. 1 banyak. to receive a m. of offers mendapat bertumpuk-tumpuk tawaran. 2 orang banyak.
mum,kb. Inf.: bunga krisan. -ks. diam. to keep m. about s.t. tetap bungkam mengenai sesuatu.
mumble,kkt. berkomat-kamit. -kki. mengomel.
mumbo-jumbo,"kb. birit-biritan/ucapan-ucapan kosong, upacara yang tiada berarti, omong-kosong."
mummy,kb. (j. -mies) 1 Inf.: bu. 2 mumia.
mumps,"kb., j. beguk, penyakit gondok/gondong."
mun.,"[municipal] kota, kotapraja."
munch,"kkt., kki. mengunyah."
mundane,ks. 1 keduniaan. 2 biasa.
municipal,ks. yang berkaitan dengan kota. m. government pemerintahan kota praja.
municipality,"kb. (j. -ties) kotapraja, kotamadya."
munificence,kb. kemurahan hati.
munificent,ks. banyak sekali (of a gift).
munition(s),"kb. munisi, mesiu. m. dump gudang mesiu. m. plant paberik mesiu."
mural,kb. lukisan dinding.
murder,"kb. pembunuhan. M. will out Bangkai itu, bagaimana baik membungkusnya, akhirnya akan tercium juga. -kkt. 1 membunuh. 2 merusak (the King's English)."
murderer,kb. pembunuh.
murderess,kb. pembunuh wanita.
murderous,ks. 1 kejam. 2 Inf.: meletihkan (of work).
murkiness,"kb. kegelapan, kemuraman, kesuraman."
murky,"ks. kelam kabut, suram."
murmur,kb. 1 bisikan (of voice). 2 bunyi desioran yang abnormal (of heart). -kkt. membisikkan. -kki. berbisik.
mus.,1 (music) musik. 2 (museum) yang bersifat music). 3 (museum) musium).
muscle,"kb. otot, urat. He didn't move a m. Dia samasekali tak bergerak. -kki. Sl.: to m. in masuk dengan kekerasan (on ke)."
muscular,ks. berotot (tegap). m. strain ketegangan otot. m. dystrophy penyakit otot menyusut.
muse,"kki. merenungkan, memikirkan. -musing kb. renungan."
museum,kb. musium.
mush,kb. 1 bubur. 2 Inf.: omongan yang tolol.
mushroom,"kb. jamur, cendawan. m. cloud awan bentuk cendawan dari ledakan bom nuklir. -kki. berkembang/tumbuh dengan cepat."
mushy,"ks. 1 Inf.: cengeng, sentimentil. 2 seperti bubur."
music,kb. 1 musik. m. lover penggemar musik. 2 buku musik. Inf.: to face the m. menghadapi kesulitan dengan berani. to put to m. melagui.
musical,kb. komidi musik. -ks. berbakat musik. m. chairs permainan rebutan kursi dengan diiringi musik. -musically kk. dalam bidang musik.
musician,"kb. pemain musik, pemusik, musikus. -musicians j. musisi, para pemain musik."
musicology,kb. ilmu musik.
muskrat,kb. tikus air.
muslim,"kb. Muslim, orang Islam. lih  MOSLEM."
muslin,"kb. kain  tipis untuk gorden, tirai dll. kain kasa."
muss,kkt. 1 mengobrak-abrik (a room). 2 mengotorkan (the hands). 3 mengusutkan. Her dress is mussed pakaiannya kusut.
mussel,"kb. remis, kepah."
mussy,"ks. berantakan, kacau, kusut."
must,"kb. 1 keharusan. 2 lapuk. -ks. wajib, yang dimestikan. m. book buku wajib. -kkb. harus, mesti."
mustache,lih  MOUSTACHE.
mustard,mustard
muster,"kb. apel, pengumpulan. to pass m. dapat diterima (setelah  diperiksa), cukup baik. -kkt. mengumpulkan, mengerahkan. to m. out mengeluarkan."
mustiness,"kb. keapakan, kelapukan."
mustn's,[must not]. lih  MUST.
musty,"ks. (berbau) apak, pengap."
mutation,kb. mutasi.
mute,kb. orang bisu. -ks. 1 bisu. to stand m. with embarrassment berdiri dengan tidak berkata apa-apa karena malunya. 2 mati (of a letter).
mutilate,"kkt. 1 memuntungkan, mengudungkan (a person). 2 merusakkan (a toy, story)."
mutilation,"kb. 1 pemotongan, pengudungan (of a person). 2 perusakan (of an object)"
mutineer,"kb. pemberontak, pendurhaka."
mutinous,ks. yang memberontak.
mutiny,kb. (j. -nies) pemberontakan. -kki. memberontak.
mutt,kb. Sl.: anjing bastar/kampung.
mutter,"kkt., kki. berkomat-kamit, memberengut."
mutton,kb. daging domba. m. chop potongan daging domba.
mutual,"ks. saling, bersama. m. understanding saling pengertian.  m. assistance gotong royong, tolong-menolong. -mutually kk. atau satu sama lain,  saling."
muzzle,"kb. 1 berangus. 2 mulut senjata api. 3 moncong. -kkt. memberangus (a dog, the press)."
my,"kg. 1 saya, kepunyaan saya. my watch arloji saya. 2 -ku. my book bukuku. -kseru. M.! Astaga !"
mycology,kb. ilmu jamur/cendawan.
myopia,kb. lamur. intellectual m. pandangan yang dangkal.
myopic,"ks. lamur, cadok, rabun."
myriad,"kb., ks. banyak sekali. myriads of insects  beribu-ribu serangga."
myself,lih  SELF.
mysterious,"ks. 1 aneh, pelik (of an illness). 2 gaib. m. smile senyuman yang penuh teka-teki."
mystery,kb. (j. -ries) 1 kegaiban (of the universe). 2 misteri. It's a m. to me Adalah suatu misteri unutkku. 3 Inf.: buku penuh sensasi. His actions are cloaked in m. Tindakan-tindakannya diselubungi tabir rahasia.
mystic,"kb. mistik, penganut ilmu kebatinan."
mystical,"ks. 1 gaib (of a umber). 2 ajaib, penuh rahasia(of style). 3 kebatinan, mistik (of a religion)."
mysticism,kb. ilmu tasawuf/kebatinan/klenik.
mystified,lih  MYSTIFY.
mystifies,lih  MYSTIFY.
mystify,"kkt. (mystified) 1 membingungkan. 2 menakjubkan, mempesonakan (of a magician)."
mystique,"kb. sifat yang penuh rahasia, kekuasaan berdasar takhyul."
myth,kb. 1 dongeng. 2 isapan jempol. 3 cerita yang dibuat-buat.
mythical,ks. dongengan. m. character tokoh dongengan.
mythological,ks. yang berhubungan dengan mitologi. m. character tokoh dalam mitologi.
mythology,kb. (j. -gies) mitologi.
diversification,"kb. perbedaan, pembedaan, diversifikasi, penggolongan. d. of crops penggolongan hasil bumi."
diversify,"kkt. (diversified) membuat variasi, menanam berjenis-jenis tanaman. -diversified ks. berjenis-jenis, bergolongan. d. farming pertanian berjenis-jenis tanaman."
diversion,kb. 1 hiburan. 2 pengalihan. 3 Mil.: (gerakan) pengalihan perhatian. to create a d. mengadakan gerakan mengalihkan perhatian musuh.
diversionary,"ks. bersifat mengalih. d. tactics taktik mengalihkan perhatian, taktik untuk membingungkan."
diversity,"kb. (j, -ties) perbedaan. d. of industry aneka ragam industri."
divert,"kkt. 1 mengalihkan. 2 menggelapkan, menyelewengkan. 3 membelokkan. -diverting ks. mengasyikkan."
divest,"kkt. membebaskan, melepaskan. to d. o.s. of o's business interests  membebaskan dari kepentingan-kepentingan dagangnya."
divide,kb. pembagi. -kkt. 1 membagi. 2 memisahkan. -kki. 1 bercabang. 2 membagi. -divided ks. yang bercabang. a dividing wall sebuah tembok pemisah (antara dua rumah).
dividend,dividend
divider,"kb. 1 pembagi. 2 sekat, dinding pembagi. -dividers j. jangka pembagi garis."
divine,ks. 1 bersifat ketuhanan. 2 hebat. -kkt. meramalkan.
divinity,"kb. (j. -ties) 1 Dewa, Tuhan. 2 ketuhanan, kedewaan. d. school sekolah tinggi teologi(a)."
divisible,ks. dapat dibagi. Ten is d. by two Sepuluh dapat dibagi dengan dua.
division,kb. 1 divisi. d. commander komandan divisi   2 pembagian. 3 bagian. 4 pembelahan. cell d. pembelahan sel.
divisional,ks. yang berhubungan dengan divisi atau bagian. d. headquarters markas besar divisi.
divisive,ks. yang bersifat memecah belah. Their actions are d. in nature  Tindakan-tindakan mereka itu bersifat memecah- belah.
divisor,kb. pembagi.
divorce,"kb. 1 perceraian, talak. to get a d. minta cerai/talak. 2 pemisahan. -kkt. menceraikan, bercerai, talak. d. decree surat cerai/lepas/talak."
divorcee,kb. orang yang  diceraikan/bercerai.
divot,kb. lubang bekas tanah yang turut terpukul ketika melakukan pukulan bola golf.
divulge,"kkt. membuka rahasia, membocorkan, memberitahukan."
divvy,kkt. (divvied) Sl.: membagi-bagi.
dixie,d. cup mangkok minuman (terbuat dari  kertas).
dizziness,"kb. kepusingan, kepeningan."
dizzy,"ks. pusing, pening, tujuh keliling. to d. heights tinggi (sekali) sehingga memusingkan kepala. d. spell serangan pusing."
do,"kb. yang boleh atau yang harus dikerjakan.  -kkt. (did, done) 1 mengerjakan. 2 lari, menempuh. 3 melakukan, mengerjakan. 4 menyelesaikan. 5 membuat. 6 membereskan. 7 memecahkan, membuat.  8 bermain dalam. 9 mementas."
do.,(ditto) sama.
doc,kb. Inf.: cara berbicara pada seorang dokter.
doc.,(document) dokumen.
docile,ks. 1 jinak. d. dog anjing jinak. 2 patuh. d. people orang yang patuh.
dock,"kb. 1 dok, dermaga. 2 galangan kapal. -kkt. 1 membawakan ke dok (a ship) 2 memotong (wages, a horse's tail). 3 mengaitkan (a spaceship).  -kki. masuk dok. -docking kb. 1 masuk dok. 2 perkaitan (of a spaceship)."
docker,kb. buruh pelabuhan.
docket,kb. acara pengadilan.
dockside,kb. tepi dok. at d. di tepi dok sebelah pelabuhan. -ks.di pelabuhan. d. strike pemogokan di pelabuhan.
dockworker,kb. buruh pelabuhan.
dockyard,kb. galangan kapal.
doctor,"kb. (kep. Dr., dr) 1 Acad.: doktor. 2 Med.: dokter.  -kkt. Inf.: 1 mengobati, merawat. 2 membetulkan. 3 memalsukan (a document)."
doctoral,ks. doktoral. d. dissertation disertai doktoral.
doctorate,kb. gelar doktor.
doctrinaire,"ks. bersifat teoretis, yang tak praktis. d. ideas gagasan-gagasan yang tidak praktis. d. attitude sikap dogmatis."
doctrine,"kb. doktrin, ajaran."
document,kb. 1 dokumen. 2 surat-surat perjalanan.  -kkt. membuktikan kebenaran sesuatu.
documentary,"kb. (j. -ries) film dokumentasi. -ks. dokumenter (film, proof)."
dodder,"kki. gemetar, menggetar. -doddering ks. gemetar, menggigil. a d. idiot seorang pandir yang gemetar."
dodge,"kb. 1 alasan (menghindarkan sesuatu). 2 muslihat. 3 (peng)elakan. -kkt. 1 mengelak (a blow, question). 2 menghindari, menjauhi.  -kkt. mengelak."
dodger,kb. pengelak.
dodo,"kb. semacam burung yang tak dapat terbang. as dead as the d. punah, mati konyol/katak."
doe,kb. 1 (deer) kijang betina. 2 (rabbit) kelinci betina.
doer,"kb. seorang yang bertindak/berbuat, pelaku."
does,lih  DO.
doff,kkt. mengangkat. to d. o's hat mengangkat topinya.
dog,"kb. 1 anjing. 2 Inf.: orang.  -dogs j. Sl.: kaki. -kkt. (dogged) mengikuti. d. pound tempat mengumpulkan anjing-anjing yang hilang. -dogged ks. berkeras kepala, tabah, mantap. d. determination ketetapan yang pasti/mantap."
dogcart,kb. 1 bendi sado. 2 kereta yang ditarik anjing.
dogfight,kb. 1 perkelahian sengit. 2 pertempuran antara pesawat pemburu yang kejar-mengejar.
dogfood,kb. makanan anjing.
doggerel,kb. sanjak yang tidak bermutu kesusasteraan.
doggone,"ks. Sl.: celaka. -kk. sangat, amat."
doggy,kb. (j. -gies) anjing kecil. d. bag kantong untuk mengumpulkan sisa makanan (di restoran) untuk dibawa pulang.
doghouse,"kb. rumah/kandang anjing. Sl.: in the d. dibenci, tidak disukai.  I'm in the d. at home Saya menjadi dibenci di rumah."
dogma,"kb. dogma, ajaran agama, akaid."
dogmatic,ks. dogmatis. a d. person seorang yang fanatik terhadap sesuatu ajaran.
dogpaddle,kki. berenang seperti anjing.
dogwood,kb. pohon atau tanam-tanaman yang daun-daunnya putih atau merah.
doily,"kb. (j. -lies) alas yang ditaruh dibawah piring, semacam serbet kecil."
dokumentation,kb. dokumentasi.
doldrums,"kb. j. Meteor.: daerah angin mati.  to be in the d. 1 tidak bersemangat, patah hati. 2 lesu, melempen. Business is in the d. Usaha dagang sedang melempem."
dole,"kb. sedekah, uang sokongan. to be on the d. menerima uang sokongan karena menganggur. -kkt. to d. out mendermakan kepada."
doleful,"ks. muram, sedih."
doll,"kb. 1 boneka. 2 (girl) gadis cantik. -kkt., kki. to d. up berdandan. She 's all dolled up Dia berdandan bagus."
dollar,kb. dolar. d. sign lambang dolar ($).
dollhouse,"kb. rumah-rumahan, rumah boneka."
dolly,kb. (j. -lies) kb. 1 boneka. 2 kerek pengangkut barang berat. 3 mobil gerobak kecil yang memuat kamera TV atau kamera gambar hidup. 4 semacam lori.
dolphin,kb. ikan lumba-lumba.
dolt,kb. orang tolol.
domain,kb. 1 daerah/bidang kekuasaan. in the d. of law dalam bidang hukum. 2 wewenang. That matter is not within my d. Masalah itu tidak merupakan wewenang saya.
dome,kb. kubah (of a church). 2 lengkungan puncak (of a hill).  dome-shaped ks. berbentuk kubah.
domestic,"kb. pelayan rumah, babu dalam. -ks. 1 dalam negeri. 2 rumah tangga. 3 piaraan. d. help pembantu rumah. d. science kepandaian puteri, kepandaian rumah tangga."
domesticate,kkt. menjinakkan.
domesticity,kb. 1 kerumahtanggaan. 2 kesukaan akan kehidupan rumah tangga dan keluarga.
domicile,kb. tempat tinggal.
dominance,kb. kekuasaan.
dominant,"ks. 1 berkuasa. d. in Asia berkuasa di Asia.  2 berpengaruh, terkemuka. d. figure in local politics tokoh yang berpengaruh di kalangan politik setempat.  3 kuat, yang menonjol. d. characteristic sifat/ciri yang kuat."
dominate,"kkt. menguasai. to d. other people menguasai orang lain. -kki. berkuasa, besar pengaruhnya  Blacks d. in this section of the city Orang kulit hitam berkuasa di bagian kota ini."
domination,"kb. penguasaan, kekuasaan."
domineer,kki. menguasai. He domineers over the whole family Ia menguasai seluruh keluarganya dengan mutlak. -domineering ks. bersifat menguasai dengan keras sekali.  d. father bapak yang menguasai dengan keras sekali.
dominion,kb. dominion.  The D. of Canada Dominion Kanada. to hold d. over berkuasa di.
domino,kb. kartu domino. -dominoes  j. permainan domino.
don,kkt. (donned) mengenakan. to d. o's robe mengenakan jubah.
don't,"(do not) 1 jangan. 2 tidak, tak. 3 lih DO."
donate,"kkt. mendermakan, menyumbangkan. to d. blood mendermakan darah."
donation,"kb. sumbangan, derma."
done,lih DO.
donee,kb. penerima.
donkey,kb. keledai. d. engine mesin pembantu. d. work pekerjaan yang membosankan.
donor,"kb. donor, penderma, dermawan, pemberi. blood d. penderma/donor darah."
doodad,kb. Inf.: perhiasan (yang tak berharga).
doodle,kb. gambar yang tak berarti. -kki. menggambar dengan melamun atau sambil bercakap-cakap atau sambil  memikirkan sesuatu.
doohickey,kb. Sl.: barang/alat kecil (tanpa nama).
doom,kb. 1 ajal. to meet o's d. menemui ajalnya. 2 malapetaka. a sense of impending d. firasat akan datangnya malapetaka. -kkt.menghukum. The murderer was doomed to death Pembunuh itu dihukum mati.
doomsday,kb. hati din/kiamat.
door,"kb. 1 pintu. 2 rumah. 3 kemungkinan, kesempatan. to lay at the d. of menyalahkan. door-to-door ks. dari rumah ke rumah. d. prize karcis berhadiah."
doorbell,kb. bel pintu.
doorkeeper,kb. penjaga pintu.
doorknob,kb. kenop/tombol pintu.
doorman,kb. (j. -meen). penjaga pintu.
doormat,"kb. kosek kaki, kesetan, pengeset kaki."
doornail,kb. paku pintu. dead as a d. mati betul.
doorstep,kb. ambang pintu.
doorway,kb. pintu keluar masuk.
dope,"kb. 1 Sl.: obat bius seperti morfin, candu dsb. 2 Sl.: si tolol. 3 pernis. 4 Sl.: keterangan. -kkt. 1 mengobati. 2 memberi obat."
dopey,"ks. Sl.: 1 lemas/pusing karena obat bius. 2 tolol, bebal, bodoh."
dorm,Inf.: =  DORMITORY.
dormant,"ks. 1 terbengkalai/terhenti, tidak aktif. 2 tidur. Bears are d. during the winter Beruang-beruang tidur selama musim dingin."
dormer,kb. d. window jendela pada atap.
dormitory,kb. (j. -ries) asrama (mahasiswa).
dorsal,ks. yang bertautan dengan punggung. d. sound  bunyi belakang lidah.  d. nerve saraf (bagian) punggung.  d fin sirip belakang.
dosage,"kb. takaran, dosis."
dose,"kb. dosis. to take a d. of medicine minum setakar atau makan satu dosis obat.  -kkt. mengobati, memberi obat."
dosn't,[ does not ] lih DO.
dossier,kb. catatan/dokumen tentang sesuatau hal atau seseorang.
dot,"kb. titik. 2 bintik, tutul. -kkt. (dotted) menaruh titik. on the d. tepat pada waktunya.  -dotted ks. ditandai dengan titik-titik."
dotage,"kb. sifat pikun, sifat kekanak-kanakan, karena umur tua."
dote,kki. menjadi kekanak-kanakan karena umur tua.  to d. on sangat gemar akan. -doting ks. 1 yang gemar akan. 2 bersifat kekanak-kanakan.
double,"kb. 1 aktor/aktris pengganti. 2 pasangan.  -ks. 1 rangkap, dobel. 2 dua kali (lipat).  kk. lipat dua. -kkt. 1 menggandakan, menduakalikan. 2 mendobelkan. 3 mengepalkan. kki. 1 merangkap. 2  berlipat dua. -doubling kb. pergandaan, lipat."
doublet,kb. sepasang benda yang sama.
doubt,"kb. ragu-ragu, kesangsian. -kkt. 1 menyangsikan. 2 ragu. kki. menyangsikan. -doubting ks. yang meragukan."
doubtful,"ks. sangsi, ragu-ragu.  I'm d. about the weather tomorrow Saya sangsi akan udara besok."
doubtless,"kk. pasti, yakin. He'll d. win Dia pasti akan menang."
douche,"kb. pancuran, semprotan air. to use a d. to relieve nasal congestion menggunakan obat semprotan untuk menghilangkan kemampatan  di hidungnya."
dough,"kb. 1 adonan. 2 Sl.: uang, duit."
doughnut,kb. (kue) donat.
doughty,ks. (gagah) berani.
dour,"ks. keras, masam. d. look wajah yang keras."
douse,"kkt. 1 menyiramkan air kedalam. to d. fire menyiramkan air kedalam api. 2 memasukkan kedalam air, mencelupkan. to d. burning paper in water memasukkan kertas yang terbakar kedalam air."
dove,lih  DIVE.
dovetail,"kb. sambungan pada kayu, besi dsb. terdiri dari bagian-bagian yang  dimasukkan ke celah-celah pada bagian yang akan disambung. -kki. 1 menyambung gengan mmasukkan bagian ke celah-celah bagian yang lain.  2 cocok, pas."
dowager,kb. 1 janda permaisuri. 2 janda  yang berhak menerima warisan.
dowdy,ks. tidak rapi (berpakaian).
dowel,kb. 1 paku dinding/semat. 2 sepotong kayu dipantakkan kedalam tembok untuk tempat  paku-paku.
down,"kb. 1 bulu burung. 2 isi bantal. 3 bulu halus. -downs j. lih  UP. -ks. 1 yang turun. 2 murung, muram. 3 turun. 4 datang, turun. 5 membayar dulu/dimuka. 6 sakit. 7 kempis, kurang angin. 8 tenggelam/ terbenam.  9 ketinggalan. 10 reda. 11 surut."
downbeat,kb. 1 permulaan/pembukaan lagu/musik. 2 gerakan tangan pemimpin orkes kebawah menunjukkan musik dimulai.
downcast,"ks. sedih, putus asa, susah."
downfall,"kb. keruntuhan, kehancuran (of a kingdom, empire). 2 kejatuhan. heavy d. of snow salju yang turun dengan lebatnya."
downgrade,kb. lereng (bagian yang menurun). to be on the d.  1 mulai menurun (of business). 2 martabat turun (of  a person).  -kkt. 1 menurunkan pangkat/kelas (an employee). 2 merendahkan (s.o.).
downhearted,"ks. sedih, putus asa, murung."
downhill,kk. to god. turun bukit.  Going d. is dangerous  Berjalan menurun di jalan membahayakan.
downpour,kb. hujan lebat.
downrange,"ks., kk. several hundred miles d. beberapa ratus mil dari tempat peluncuran."
downright,downright
downrodden,"ks. tertindas, tertindih."
downstairs,"kb. ruang bawah. -ks. yang terletak di ruangan bawah. -kk. dibawah, kebawah. to fall d. jatuh dari tangga."
downstream,"kk. hilir, menghilir. He lives d. Ia tinggal dihilir. to go d. berlayar kehilir."
downtown,ks. the d. section kota bagian yang ramai. -kk. kota (bagian yang ramai tempat perdagangan). to go d. pergi kekota.
downturn,kb. kecenderungan untuk menurun.
downward,ks. yang menurun. d. trend kecenderungan untuk menurun. -kk. kebawah. bent d. dilengkungkan kebawah.
downwards,#NAME?
downwind,"ks., kk. menurut jurusan angin."
downy,"ks. tertutup dengan bulu halus, berbulu halus."
dowry,"kb. (j. -ries) mas kawin, mahar."
dowse,#NAME?
doxology,"kb. (j. -gies) kidung-puji, zikir, lagu-lagu pujian."
doz.,(dozen)  lusin.
doze,"kb. tidur sebentar/sejenak. -kki. tidur-tiduran, tidur ayam, mengantuk. to d. off tertidur sebentar."
dozen,"kb. lusin, dosin. three d. eggs tiga lusin."
dp,[displaced person] kb. orang terlantar.
dr.,[Doctor] 1 Acad.: Doktor. 2 Med.: Dokter.
drab,"kb. kain belacu. -ks. 1 membosankan. 2 tidak menarik. 3 menjemukan, membosankan."
draft,"kb. 1 (tindakan) wajib militer (wamil). 2  naskah isi, konsep. 3 teguk. 4 sarat/daya muat (of a ship). 5 aliran udara, angin jujut 6 alat mengatur jalan udara pada tempat perapian. 7 surat wesel. -kkt. 1 memanggil wajib militer. 2 membuat bagan."
draftee,"kb. wamil, wamida, orang yang kena wajib militer."
draftsman,"kb. (j. -men) juru gambar, penggambar."
drafty,"ks. banyak angin, berangin."
drag,"kb. 1 tarikan. 2 Sl.: isapan (an a cigarette). 3 pengerem, penahan. 4 Sl.: seorang yang membosankan. -kkt. (dragged) 1 mengeruk. 2 menarik, menyeret. 3 memaksa pergi. -kki. 1 berlarut-larut. 2 terseret. 3 Sl.: ngebut."
dragnet,"kb. 1 jala seret, pukat. 2 jaring (of the police)."
dragon,kb. (ular)  naga.
dragonfly,kb. (j. -flies) capung.
dragoon,kkt. memaksa.  to d. s.o. into doing s.t. memaksa seseorang agar melakukan sesuatu.
drain,"kb. 1 saluran. 2 pipa saluran/kuras, urung-urung. 3 pengosongan. down the d. sia-sia, gagal. -kkt. 1 menghabiskan. 2  mengeringkan. 3 meminum habis. 4 mengalirkan. 5 menarik, mengeluarkan. -kki. keluar airnya."
drainage,"kb. 1 pengeringan, pembuangan air. 2 pengurasan, penyaluran, pengaliran. 3 susunan saluran jalan air. 4 daerah yang dikeringkan. d. basin kolam tempat menyalurkan air. d. ditch parit saluran air. d. tube tabungan penyalur(an)."
drainboard,kb. rak untuk mengeringkan piring-piring.
drainpipe,"kb. pipa saluran air, talang."
dram,kb. dram (1/8 ons).
drama,kb. 1 sandiwara. 2 seni drama. 3 drama. 4 kejadian.  The assassination was an exciting d. Pembunuhan itu adalah suatu kejadian yang menggugah perasaan
dramamine,"kb. obat mabuk, dramamin."
dramatic,"ks. 1 dramatis. 2 yang berhubungan dengan drama, sandiwara. 3 beraksi."
dramatics,kb. 1 seni drama. D. is taught at that school Seni drama diajarkan disekolah itu. 2 sandiwara amatir.  D. are presented in that theater Sandiwara amatir dipentaskan di gedung sandiwara itu.
dramatis personae,kb. para pelaku.
dramatist,kb. penulis/pengarang sandiwara.
dramatization,"kb. dramatisasi, penulisan drama."
dramatize,kkt. 1 menguraikan dengan cara yang mengesankan.  to d. o's experiences menguraikan pengalaman-pegalamannya dengan cara yang mengesankan.  2 menyandiwarakan (a novel).
drank,lih  DRINK.
drape,"kb. (kain) tirai, gorden. -kkt. 1 mengenakan. to d. a shawl the shoulders mengenakan sal di bahu. 2 menghias. to d. in/with bunting menghias dengan kain-kain bendera."
drapery,kb. (j. -ries) bahan gorden.
drastic,"ks. tegas, ganas. to take d. measures mengambil langkah - langkah tegas. -drastically kk secara drastis/radikal."
drat,"kkt., kseru. Inf.: D. it ! It's raining again Persetan ! Hujan lagi."
draught,#NAME?
draughtsman,#NAME?
draw,"kb. 1 tarikan. 2 seri. -kkt. (drew, drawn) 1 menggambar (a picture). 2 menarik, menutup (a curtain). 3 mengambil(kan). 4 mendatangkan. 5 menghela. 6 menyebabkan. 7 mendapat. 8 menyeret. 9 memindahkan. 10 membuang isi perut. (of foul)."
drawback,kb. kekurangan. d. to a house kekurangan pada rumah.
drawbridge,kb. jembatan jungkatan/tarikan.
drawer,kb. 1 laci. 2 ahli gambar. Cloth.: -drawers j. celana panjang dalam.
drawerful,kb. selaci penuh.
drawl,kb. cara berbicara dengan memperpanjang bunyi-bunyi kata.
drawn,lih  DRAW.
drawstring,"kb. (tali) kolor, tali seluar/celana."
dread,"kb. rasa takut, ketakutan. -kkt. takut (kepada)."
dreadful,ks. yang mengerikan/menakutkan. d. accident kecelakaan yang mengerikan. -dreadfully kk. sangat. d. slow sangat pelan. I'm d. sorry Saya sangat menyesal.
dreadnought,kb. kapal penempur.
dream,"kb. impian, mimpi. to have a d. bermimpi. -kkt.,  kki.  (dreamed atau dreamt). 1 bermimpi.  2 membayangkan. 3 memikirkan. -dreaming  kb. bermimpi, melamun."
dreamer,kb. 1 penghayal. 2 orang yang tak praktis. I'm a d.  Saya tukang bermimpi.
dreamland,kb. alam mimpi/khayal.
dreamt,lih  DREAM.
dreamy,ks. 1 mengelamun. 2 Sl.: hebat.
dreariness,kb. kesuraman. d. of the weather kesuraman cuaca.
dreary,"ks. suram, redup. d. day hari redup."
dredge,"kb. kapal korek/keruk, kilang keruk. -kkt. mengeruk.  to d. up membangkit-bangkitkan, mengorek- ngorek, membongkar-bongkar.  d. bucket gayu yang pengeruk, singkup keruk.  -dredging kb. pengerukan."
dredger,kb. kapal keruk.
dregs,"kb., j. 1 ampas (of coffee, tea). 2 sampah. d. of society sampah masyarakat."
drench,kkt. 1 memberi minum (a horse). 2 membuat  basah kuyup. I was drenched by the storm Saya basah kuyup karena hujan angin ribut itu.
dress,"kb. 1 rok, gaun. 2 pakaian.  -kkt. (dressed atau drest). 1 mencabuti bulu (a chicken). 2 mengenakan baju. 3 menghiasi. 4 membalut. -kki. 1 berpakaian. 2 berdandan. -dressing kb. 1 pembalut, balutan. 2 bumbu-bumbu isian 3 kuah. 4 berdandan,."
dresser,kb. Furn.: 1 lemari (rias). 2 juru rias.
dressmaker,"kb. penjahit, modiste."
dressy,"ks. berpakaian, bergaya."
drest,lih  DRESS.
drew,lih  DRAW.
dribble,"kb. 1 tetesan. 2 Meteor.: gerimis. 3 penggiringan bola (in basketball). -kki. 1 menetes, mencucurkan air liur (of babies). 2 Sport : menggiring bola mendrible."
dried,lih  DRY.
drier,lih DRY.
dries,lih  DRY.
driest,lih   DRY.
drift,"kb. 1 penyimpangan. 2 arus, aliran. 3 arah.  -kkt. menimbun, meniup. -kki. 1 bertimbun. 2  melayang. 3 menggeluyur. 4 melintas. 5 ikut-ikutan masuk. 6 singgah, mampir. 7 berhanyut-hanyut. 8  lepas. -drifting kb., ks. yang ditiup angin."
drifter,kb. orang gelandangan/jembel.
driftwood,kb. kayu apung/pelampung.
drill,"kb. 1 bor. 2 gurdi, jara, penggerek. 3 latihan. 4 Cloth.: (kain) dril. -kkt. 1 membor. 2 melatih. -kki. berlatih. -drilling kb. 1 pemboran, penggerekan, penggurdian, pengeboran. 2 Mil.: latihan berbaris."
drillmaster,kb. 1 Mil.: pelatih berbaris. 2 pelatih. He's a stern d. Dia seorang pelatih yang keras.
drink,"kb. 1 minuman. 2 (strong) minuman keras. 3 Sl.: kumpulan air sebagai kolam, danau, sungai. -kkt. (drank, drunk) minum. -kki. minum. -drunk kb. pemabuk. -drinking kb. minum minuman keras."
drinker,kb. peminum. hard/heavy d. peminum yang banyak sekali minum.
drip,kb. tetes (an). 2 Sl.: orang yang menghambat. -kkt. (dripped) meneteskan. -kki. menetes. -dripping ks. menetes. -drippings. j. tetesan gemuk atau air daging.
drive,"kb. 1 perjalanan. 2 jalan raya. 3 kampanye, gerakan. 4 Sport.: pukulan. 5 persneling. 6 jalan mobil (= DRIVEMAY).7 perangsang. 8 serangan/serbuan pembasmian. 9 gerakan. -kki. 1 mengendarai. 2 naik mobil, berkendaraan. -driving  kb. mengemudikan."
drivel,kb. 1 air liur. 2 omongan yang tolol.
driven,lih  DRIVE.
driver,"kb. 1 supir, pengemudi, tukang setir, pengendara. 2 Golf : alat pemukul bola golf yang ujungnya terbuat dari kayu untuk pukulan jauh. 3 poros penggerak. 4 mandor."
driveway,kb. jalan untuk  mobil (di halaman).
drizzle,"kb. hujan, gerimis, hujan rintik-rintik. -kki. gerimis. It drizzled all day Gerimis sepanjang hari."
drizzly,ks. muram/mendung dengan hujan rintik-rintik.
drogue,kb. parasut pesawat.
droll,"ks. lucu, menggelikan hati. d. sense of  humor perasaan yang lucu/menggelikan."
drone,"kb. 1 (bee) lebah jantan. 2 gemuruh (of a plane, etc) 3 pemalas. 4 dengungan. d. of mosquitoes dengungan nyamuk. -kki. 1 berbicara dengan yang membosankan. 2 berdengung (of a bee, plane)."
drool,kb. air liur. -kkt. mengeluarkan air liur.
droop,kb. keadaan terkulai.  -kki. 1 layu. 2 terasa berat.  -drooping ks. murung. d. spirits semangat yang sudah melempem/kendor.
drop,"kb. 1 tetes (an). 2 gula-gula. 3 penurunan, keadaan menurun, kemerosotan. 4 keadaan jatuh. -kkt. (dropped) 1 menjatuhkan. 2 memasukkan. 3 membubarkan, menyuruh bubar. 4 mengeluarkan, mencoret. 5 menghentikan. 6 mengalahkan. -droppings j. tahi (burung)."
dropper,kb. (alat) penetes.
dropsy,kb. sakit gembur-gembur.
dross,kb. barang-barang yang dibuang.
drought,"kb. masa kekeringan, (musim) kemarau."
drove,kb. kumpulan. a d. of cattle sekumpulan ternak. in droves berbondong-bondong. lih  DRIVE.
drown,kkt. 1 menenggelamkan.(s.o). 2 menghilangkan. 3 menggenangi. -kki. mati tenggelam. -drowned ks. Sl.: basah kuyup. -drowning kb. There was a d. at the beach Ada seorang yang tenggelam di pantai. ks. yang mati tenggelam.
drowsiness,drowsiness
drowsy,ks. mengantuk. I feel d. Saya (malas dan) mengantuk.
drub,kkt. (drubbed) 1 mengalahkan. 2 memukuli. -drabbing kb. 1 kekalahan. 2 pukulan.
drudge,kb. orang yang mengerjakan pekerjaan yang membosankan.
drudgery,kb. (j. -ries) pekerjaan yang membosankan.
drug,"kb. kb. 1 Med.: obat, obat-obatan. 2 Narc.: obat bius. -kkt. (drugged) 1 meracuni. 2 membiuskan."
druggist,"kb. apoteker, ahli obat."
drugstore,"kb. 1 toko obat yang juga menjual barang-barang lain seperti minuman-minuman, eskrim dsb. 2 apotik."
drum,"kb. 1 genderang, gendang, tambur. 2 drum. 3 drum, tong. 4 teromol. -kkt. (drummed) memompakan berulang-ulang. -kki. mengetok. -drumming kb. permainan tambur."
drumstick,kb. 1 Mus.: tongkat pemukul genderang. 2 kaki ayam/kalkun (bagian bawah).
drunk,lih  DRINK.
drunkard,kb. pemabuk.
drunken,ks. yang mabuk. a d. man seorang yang mabuk. d. driving mengendarai mobil dalam keadaan mabuk.
drunkenness,"kb. keadaan mabuk, kemabukan."
dry,"ks. (drier, driest) 1 kering. 2 membosankan. 3 haus. -kkt. (dried, drying) 1 mengusap, mengeringkan. 2 mengeringkan (dishes, hair, car). -kki. kering. -dried ks. yang dikeringkan. -drying kb. pengeringan. -dryly kk. secara kering."
dryer,kb. (alat) pengering.
dryness,kb. 1 kekeringan. 2 sifat yang membosankan.
du.,[Dutch] Belanda.
dual,"ks. rangkap dua, dwirangkap. dual purpose ks. dwiguna, untuk dua macam keperluan."
dub,"kb. orang yang canggung/kaku. -kkt. (dubbed) 1 menganugerahi pangkat. 2 memberi julukan. 3 membubuhkan musik, suara, dll. -dubbing kb. penyuaraan, diisi suara."
dubious,ks. 1 yang meragukan. d. advantages keuntungan-keuntungan yang meragukan. 2 ragu-ragu. I'm d. about his ability Saya ragu akan kecakapannya.
duchess,"kb. isteri seorang duke, wanita bangsawan."
duck,"kb. bebek, itik. -ducks j. celana kain lina (putih). -kkt. 1 Inf.: menghindari. 2 membenamkan. 3 menundukkan. -kki. 1 membungkuk. 2 masuk, mampir."
duckling,kb. anak itik.
duct,"kb. 1 pembuluh. tear d. pembuluh air mata. 2 pipa, saluran."
dud,kb. 1 sesuatu yang tidak meletus. The bomb was a d. Bom itu tidak meletus. 2 Sl.: orang yang tidak berbakat.
dude,kb. pesolek.
due,kb. hak. She never asks for more than her d. Dia tak pernah meminta lebih daripada haknya. -dues j. iuran. -ks. seharusnya
duel,"kb. perang tanding,  duel, perkelahian/pertandingan.-kki. (juga duelled) berduel. -dueling kb. perkelahian antara dua lawan, memakai pistol/pedang."
duet,kb. duet
duff,kb. Sl.: pantat.
duffer,kb. Inf.: orang yang canggung. d. at golf pemain golf yang masih canggung atau yang masih belum pandai benar.
duffle,kb. d. bag   ransel.
dug,lih  DIG.
dugout,kb. Mil.: lubang perlindungan. 2 Sport : tempat tunggu para pemain baseball. 3 Nau.: sampan dibuat dari batang kayu yang dikorok.
duke,kb. adipati.
dull,"ks. 1 tumpul, majal. 2 sepi. 3 pudar. 4 menjemukan, membosankan. 5 tidak mengkilap (of shoes). -kkt. 1 menumpulkan. 2 mengurangi, menghilangkan. -kki. menjadi tumpul. dull-witted ks. bodoh,  tidak tajam."
duly,"kk. sebagaimana, seharusnya, sepatutnya. He was d. installed as chairman Dia dilantik sebagai ketua sebagaimana mestinya."
dumb,"ks. bisu, kelu. Animals are d. Binatang itu bisu. 2 dungu, bodoh, bebal. a d. remark ucapan yang bodoh betul."
dumbbell,kb. 1 (exercise) halter. 2 Sl.: orang bodoh.
dumbfound,"kkt. menakjubkan, mengherankan. -dumbfounded ks. tercengang, ternganga. I was d. by his remark Saya tercengang mendengar ucapannya itu."
dumbwaiter,kb. rak piring dan cangkir yang dapat naik-turun ke ruangan atas.
dumfound,#NAME?
dummy,"kb. (j. -mies) 1 boneka untuk menggantungkan pakaian di etalase. 2 boneka yang dipakai oleh tukang jahit untuk mengenakan baju. 3 orang-orangan yang dipakai sebagai sasaran menembak. 4 contoh, model. 5 Bridge : dumi. -ks. kosong."
dump,"kb. 1 tempat sampah. 2 Sl.: tempat yang kotor. -dumps k. kesedihan. -kkt. 1 membuang. 2 melimpahkan. 3 membanjiri, mengeluarkan. -dumping kb. dumping"
dumpling,kb. kue bola. apple d. kue bola berisi buah apel.
dumpy,ks. gemuk dan pendek.
dun,"kkt. (dunned) menagih, mengganggu dengan tagihan."
dunce,"kb. 1 orang bodoh, anak yang dungu. 2 anak yang lembut dalam pelajaran."
dune,kb. bukit pasir (di pesisir).
dung,"kb. tahi hewan,pupuk kandang, kotoran."
dungaree,kb. celana jengki.
dungeon,kb. kamar dibawah tanah tempat menahan orang.
dunk,"kkt. mencelupkan (a person, doughnut)."
duo,kb. pasangan.
duodecimal,ks. perduabelas.
duodenum,kb. usus dua belas jari.
dupe,"kb. korban penipuan. -kkt. menipu, menggait."
duplex,"ks. rangkap (dua), rakit. d. apartment flat dengan dua tingkat. d. house rumah kopel (untuk dua keluarga)."
duplicate,"kb. 1 salinan, duplikat. 2 salinan, turunan duplikat. -ks. rangkap. -kkt. 1 menyalin (a letter, document). 2 meniru. 3 mengerjakan hal yang sama. duplicating machine duplikator."
duplication,"kb. 1 hal melipat-gandakan/memperbanyak. 2 salinan, turunan (of a letter, document)."
duplicator,"kb. duplikator, mesin stensil."
duplicity,kb. (j. -ties) sikap/perbuatan bermuka dua.
durability,kb. daya tahan.
durable,ks. dapat tahan lama.
duration,"kb. lamanya. d. of an appointment masa jabatan, lamanya pengangkatan. for the d. of the war selama masa perang."
duress,duress
durian,"kb. durian, duren."
during,kb. 1 selama. 2 pada waktu.
dusk,"kb. petang, menjelang malam, waktu samar-samar."
dusky,"ks. kehitam-hitaman, agak hitam."
dust,"kb. 1 debu (on a table, etc.). 2 abu. -kkt. 1 membersihkan (furniture) 2. menyapu, mengelap. 3 menaburi. -kki. menyapu.  to d. off 1 menyapu debu. 2 mengemukakan. d. bowl daerah dimana sering terjadi angin debu yang dahsyat."
dustcloth,kb. (kain) lap.
duster,"kb. 1 kain lap, penghapus. 2 semacam baju luar yang dipakai di rumah."
dustpan,"kb. pengki, pungki."
dustproof,"ks. tahan debu, kedap abu."
dusty,ks. berdebu. d. road jalan yang berdebu.
dutch,kb. bahasa Belanda. The D. orang-orang Belanda. -ks. Belanda. Inf.: D. treat makanan atau hiburan yang dibayar sendiri-sendiri.
dutchman,kb. (j. -men) orang Belanda.
dutiable,ks. kena bea-cukai. d. goods barang-barang yang harus dikenakan beacukai.
dutiful,"ks. patuh, menurut. d. doughter anak perempuan yang patuh."
duty,kb. (j. -ties) 1 kewajiban. to do o's d. menunaikan kewajiban.  2 tugas.  What are my duties ? Apa tugas saya ? 3 bea. import d. bea import/ masuk.duty-bound ks. merasa wajib/berkewajiban. duty-free ks. tanpa/bebas bea.
duumvirate,kb. dwitunggal.
dwarf,kb. orang kerdil/katai. -kkt. menyebabkan menjadi kecil.
dwell,"kki. (dwelt atau dwelled) 1 tinggal. 2 menghuni, mendiami.  -dwelling kb. tempat tinggal/kediaman."
dweller,"kb. penduduk, penghuni."
dwelt,lih  DWELL.
dwindle,"kki. berkurang,  menjadi kecil.  The water supply dwindled Persediaan air berkurang."
dyak,kb. 1 orang Dayak. 2 bahasa Dayak.
dye,"kb. celup (an), bahan celup. -kkt. mencelup. to d. a dress green mencelup gaun menjadi hijau. -kki. dicelup.  -dyed-in-wool ks. sejati tulen.  -dyeing kb. (pen) celupan."
dyer,kb. tukang celup.
dying,lih  DIE.
dyke,#NAME?
dynamic,"ks. dinamis, dinamik, bersemangat. d. personality  kepribadian yang  dinamis."
dynamics,kb. 1 ilmu dinamika. 2 tenaga gerak. the d. of a hurricane tenaga gerak topan.
dynamism,"kb. dinamisme, tenaga yang dinamis."
dynamite,"kb. 1 dinamit, bahan atau alat peledak. 2 Inf.: hal yang menggemparkan. -kkt. mendinamit, meledakkan dengan dinamit.  -dynamiting  kb. dinamo, pesawat pembangkit listrik."
dynastic,ks. yang berhubungan dengan dinasti atau wangsa. d. rule pemerintahan wangsa/dinasti.
dynasty,"kb. (j. -ties) dinasti, wangsa, keluarga/keturunan raja. literary d. keluarga sastera."
dysentery,"kb. disentri, berak darah, sakit buset."
dysfunction,kb. gangguan/penyelewengan fungsi. kidney d. gangguan fungsi ginjal.
dyspepsia,kb. pencernaan yang terganggu
dyspeptic,"ks. muram, suram."
dystrophy,kb. penyakit otot.
